PID,season,lg,team,playoffs,abbreviation,
1,2021,NBA,Atlanta Hawks,TRUE,ATL,
2,2021,NBA,Boston Celtics,TRUE,BOS,
3,2021,NBA,Brooklyn Nets,TRUE,BRK,
4,2021,NBA,Charlotte Hornets,FALSE,CHO,
5,2021,NBA,Chicago Bulls,FALSE,CHI,
6,2021,NBA,Cleveland Cavaliers,FALSE,CLE,
7,2021,NBA,Dallas Mavericks,TRUE,DAL,
8,2021,NBA,Denver Nuggets,TRUE,DEN,
9,2021,NBA,Detroit Pistons,FALSE,DET,
10,2021,NBA,Golden State Warriors,FALSE,GSW,
11,2021,NBA,Houston Rockets,FALSE,HOU,
12,2021,NBA,Indiana Pacers,FALSE,IND,
13,2021,NBA,Los Angeles Clippers,TRUE,LAC,
14,2021,NBA,Los Angeles Lakers,TRUE,LAL,
15,2021,NBA,Memphis Grizzlies,TRUE,MEM,
16,2021,NBA,Miami Heat,TRUE,MIA,
17,2021,NBA,Milwaukee Bucks,TRUE,MIL,
18,2021,NBA,Minnesota Timberwolves,FALSE,MIN,
19,2021,NBA,New Orleans Pelicans,FALSE,NOP,
20,2021,NBA,New York Knicks,TRUE,NYK,
21,2021,NBA,Oklahoma City Thunder,FALSE,OKC,
22,2021,NBA,Orlando Magic,FALSE,ORL,
23,2021,NBA,Philadelphia 76ers,TRUE,PHI,
24,2021,NBA,Phoenix Suns,TRUE,PHO,
25,2021,NBA,Portland Trail Blazers,TRUE,POR,
26,2021,NBA,Sacramento Kings,FALSE,SAC,
27,2021,NBA,San Antonio Spurs,FALSE,SAS,
28,2021,NBA,Toronto Raptors,FALSE,TOR,
29,2021,NBA,Utah Jazz,TRUE,UTA,
30,2021,NBA,Washington Wizards,TRUE,WAS,
31,2020,NBA,Atlanta Hawks,FALSE,ATL,
32,2020,NBA,Boston Celtics,TRUE,BOS,
33,2020,NBA,Brooklyn Nets,TRUE,BRK,
34,2020,NBA,Charlotte Hornets,FALSE,CHO,
35,2020,NBA,Chicago Bulls,FALSE,CHI,
36,2020,NBA,Cleveland Cavaliers,FALSE,CLE,
37,2020,NBA,Dallas Mavericks,TRUE,DAL,
38,2020,NBA,Denver Nuggets,TRUE,DEN,
39,2020,NBA,Detroit Pistons,FALSE,DET,
40,2020,NBA,Golden State Warriors,FALSE,GSW,
41,2020,NBA,Houston Rockets,TRUE,HOU,
42,2020,NBA,Indiana Pacers,TRUE,IND,
43,2020,NBA,League Average,FALSE,NA,
44,2020,NBA,Los Angeles Clippers,TRUE,LAC,
45,2020,NBA,Los Angeles Lakers,TRUE,LAL,
46,2020,NBA,Memphis Grizzlies,FALSE,MEM,
47,2020,NBA,Miami Heat,TRUE,MIA,
48,2020,NBA,Milwaukee Bucks,TRUE,MIL,
49,2020,NBA,Minnesota Timberwolves,FALSE,MIN,
50,2020,NBA,New Orleans Pelicans,FALSE,NOP,
51,2020,NBA,New York Knicks,FALSE,NYK,
52,2020,NBA,Oklahoma City Thunder,TRUE,OKC,
53,2020,NBA,Orlando Magic,TRUE,ORL,
54,2020,NBA,Philadelphia 76ers,TRUE,PHI,
55,2020,NBA,Phoenix Suns,FALSE,PHO,
56,2020,NBA,Portland Trail Blazers,TRUE,POR,
57,2020,NBA,Sacramento Kings,FALSE,SAC,
58,2020,NBA,San Antonio Spurs,FALSE,SAS,
59,2020,NBA,Toronto Raptors,TRUE,TOR,
60,2020,NBA,Utah Jazz,TRUE,UTA,
61,2020,NBA,Washington Wizards,FALSE,WAS,
62,2019,NBA,Atlanta Hawks,FALSE,ATL,
63,2019,NBA,Boston Celtics,TRUE,BOS,
64,2019,NBA,Brooklyn Nets,TRUE,BRK,
65,2019,NBA,Charlotte Hornets,FALSE,CHO,
66,2019,NBA,Chicago Bulls,FALSE,CHI,
67,2019,NBA,Cleveland Cavaliers,FALSE,CLE,
68,2019,NBA,Dallas Mavericks,FALSE,DAL,
69,2019,NBA,Denver Nuggets,TRUE,DEN,
70,2019,NBA,Detroit Pistons,TRUE,DET,
71,2019,NBA,Golden State Warriors,TRUE,GSW,
72,2019,NBA,Houston Rockets,TRUE,HOU,
73,2019,NBA,Indiana Pacers,TRUE,IND,
74,2019,NBA,League Average,FALSE,NA,
75,2019,NBA,Los Angeles Clippers,TRUE,LAC,
76,2019,NBA,Los Angeles Lakers,FALSE,LAL,
77,2019,NBA,Memphis Grizzlies,FALSE,MEM,
78,2019,NBA,Miami Heat,FALSE,MIA,
79,2019,NBA,Milwaukee Bucks,TRUE,MIL,
80,2019,NBA,Minnesota Timberwolves,FALSE,MIN,
81,2019,NBA,New Orleans Pelicans,FALSE,NOP,
82,2019,NBA,New York Knicks,FALSE,NYK,
83,2019,NBA,Oklahoma City Thunder,TRUE,OKC,
84,2019,NBA,Orlando Magic,TRUE,ORL,
85,2019,NBA,Philadelphia 76ers,TRUE,PHI,
86,2019,NBA,Phoenix Suns,FALSE,PHO,
87,2019,NBA,Portland Trail Blazers,TRUE,POR,
88,2019,NBA,Sacramento Kings,FALSE,SAC,
89,2019,NBA,San Antonio Spurs,TRUE,SAS,
90,2019,NBA,Toronto Raptors,TRUE,TOR,
91,2019,NBA,Utah Jazz,TRUE,UTA,
92,2019,NBA,Washington Wizards,FALSE,WAS,
93,2018,NBA,Atlanta Hawks,FALSE,ATL,
94,2018,NBA,Boston Celtics,TRUE,BOS,
95,2018,NBA,Brooklyn Nets,FALSE,BRK,
96,2018,NBA,Charlotte Hornets,FALSE,CHO,
97,2018,NBA,Chicago Bulls,FALSE,CHI,
98,2018,NBA,Cleveland Cavaliers,TRUE,CLE,
99,2018,NBA,Dallas Mavericks,FALSE,DAL,
100,2018,NBA,Denver Nuggets,FALSE,DEN,
101,2018,NBA,Detroit Pistons,FALSE,DET,
102,2018,NBA,Golden State Warriors,TRUE,GSW,
103,2018,NBA,Houston Rockets,TRUE,HOU,
104,2018,NBA,Indiana Pacers,TRUE,IND,
105,2018,NBA,League Average,FALSE,NA,
106,2018,NBA,Los Angeles Clippers,FALSE,LAC,
107,2018,NBA,Los Angeles Lakers,FALSE,LAL,
108,2018,NBA,Memphis Grizzlies,FALSE,MEM,
109,2018,NBA,Miami Heat,TRUE,MIA,
110,2018,NBA,Milwaukee Bucks,TRUE,MIL,
111,2018,NBA,Minnesota Timberwolves,TRUE,MIN,
112,2018,NBA,New Orleans Pelicans,TRUE,NOP,
113,2018,NBA,New York Knicks,FALSE,NYK,
114,2018,NBA,Oklahoma City Thunder,TRUE,OKC,
115,2018,NBA,Orlando Magic,FALSE,ORL,
116,2018,NBA,Philadelphia 76ers,TRUE,PHI,
117,2018,NBA,Phoenix Suns,FALSE,PHO,
118,2018,NBA,Portland Trail Blazers,TRUE,POR,
119,2018,NBA,Sacramento Kings,FALSE,SAC,
120,2018,NBA,San Antonio Spurs,TRUE,SAS,
121,2018,NBA,Toronto Raptors,TRUE,TOR,
122,2018,NBA,Utah Jazz,TRUE,UTA,
123,2018,NBA,Washington Wizards,TRUE,WAS,
124,2017,NBA,Atlanta Hawks,TRUE,ATL,
125,2017,NBA,Boston Celtics,TRUE,BOS,
126,2017,NBA,Brooklyn Nets,FALSE,BRK,
127,2017,NBA,Charlotte Hornets,FALSE,CHO,
128,2017,NBA,Chicago Bulls,TRUE,CHI,
129,2017,NBA,Cleveland Cavaliers,TRUE,CLE,
130,2017,NBA,Dallas Mavericks,FALSE,DAL,
131,2017,NBA,Denver Nuggets,FALSE,DEN,
132,2017,NBA,Detroit Pistons,FALSE,DET,
133,2017,NBA,Golden State Warriors,TRUE,GSW,
134,2017,NBA,Houston Rockets,TRUE,HOU,
135,2017,NBA,Indiana Pacers,TRUE,IND,
136,2017,NBA,League Average,FALSE,NA,
137,2017,NBA,Los Angeles Clippers,TRUE,LAC,
138,2017,NBA,Los Angeles Lakers,FALSE,LAL,
139,2017,NBA,Memphis Grizzlies,TRUE,MEM,
140,2017,NBA,Miami Heat,FALSE,MIA,
141,2017,NBA,Milwaukee Bucks,TRUE,MIL,
142,2017,NBA,Minnesota Timberwolves,FALSE,MIN,
143,2017,NBA,New Orleans Pelicans,FALSE,NOP,
144,2017,NBA,New York Knicks,FALSE,NYK,
145,2017,NBA,Oklahoma City Thunder,TRUE,OKC,
146,2017,NBA,Orlando Magic,FALSE,ORL,
147,2017,NBA,Philadelphia 76ers,FALSE,PHI,
148,2017,NBA,Phoenix Suns,FALSE,PHO,
149,2017,NBA,Portland Trail Blazers,TRUE,POR,
150,2017,NBA,Sacramento Kings,FALSE,SAC,
151,2017,NBA,San Antonio Spurs,TRUE,SAS,
152,2017,NBA,Toronto Raptors,TRUE,TOR,
153,2017,NBA,Utah Jazz,TRUE,UTA,
154,2017,NBA,Washington Wizards,TRUE,WAS,
155,2016,NBA,Atlanta Hawks,TRUE,ATL,
156,2016,NBA,Boston Celtics,TRUE,BOS,
157,2016,NBA,Brooklyn Nets,FALSE,BRK,
158,2016,NBA,Charlotte Hornets,TRUE,CHO,
159,2016,NBA,Chicago Bulls,FALSE,CHI,
160,2016,NBA,Cleveland Cavaliers,TRUE,CLE,
161,2016,NBA,Dallas Mavericks,TRUE,DAL,
162,2016,NBA,Denver Nuggets,FALSE,DEN,
163,2016,NBA,Detroit Pistons,TRUE,DET,
164,2016,NBA,Golden State Warriors,TRUE,GSW,
165,2016,NBA,Houston Rockets,TRUE,HOU,
166,2016,NBA,Indiana Pacers,TRUE,IND,
167,2016,NBA,League Average,FALSE,NA,
168,2016,NBA,Los Angeles Clippers,TRUE,LAC,
169,2016,NBA,Los Angeles Lakers,FALSE,LAL,
170,2016,NBA,Memphis Grizzlies,TRUE,MEM,
171,2016,NBA,Miami Heat,TRUE,MIA,
172,2016,NBA,Milwaukee Bucks,FALSE,MIL,
173,2016,NBA,Minnesota Timberwolves,FALSE,MIN,
174,2016,NBA,New Orleans Pelicans,FALSE,NOP,
175,2016,NBA,New York Knicks,FALSE,NYK,
176,2016,NBA,Oklahoma City Thunder,TRUE,OKC,
177,2016,NBA,Orlando Magic,FALSE,ORL,
178,2016,NBA,Philadelphia 76ers,FALSE,PHI,
179,2016,NBA,Phoenix Suns,FALSE,PHO,
180,2016,NBA,Portland Trail Blazers,TRUE,POR,
181,2016,NBA,Sacramento Kings,FALSE,SAC,
182,2016,NBA,San Antonio Spurs,TRUE,SAS,
183,2016,NBA,Toronto Raptors,TRUE,TOR,
184,2016,NBA,Utah Jazz,FALSE,UTA,
185,2016,NBA,Washington Wizards,FALSE,WAS,
186,2015,NBA,Atlanta Hawks,TRUE,ATL,
187,2015,NBA,Boston Celtics,TRUE,BOS,
188,2015,NBA,Brooklyn Nets,TRUE,BRK,
189,2015,NBA,Charlotte Hornets,FALSE,CHO,
190,2015,NBA,Chicago Bulls,TRUE,CHI,
191,2015,NBA,Cleveland Cavaliers,TRUE,CLE,
192,2015,NBA,Dallas Mavericks,TRUE,DAL,
193,2015,NBA,Denver Nuggets,FALSE,DEN,
194,2015,NBA,Detroit Pistons,FALSE,DET,
195,2015,NBA,Golden State Warriors,TRUE,GSW,
196,2015,NBA,Houston Rockets,TRUE,HOU,
197,2015,NBA,Indiana Pacers,FALSE,IND,
198,2015,NBA,League Average,FALSE,NA,
199,2015,NBA,Los Angeles Clippers,TRUE,LAC,
200,2015,NBA,Los Angeles Lakers,FALSE,LAL,
201,2015,NBA,Memphis Grizzlies,TRUE,MEM,
202,2015,NBA,Miami Heat,FALSE,MIA,
203,2015,NBA,Milwaukee Bucks,TRUE,MIL,
204,2015,NBA,Minnesota Timberwolves,FALSE,MIN,
205,2015,NBA,New Orleans Pelicans,TRUE,NOP,
206,2015,NBA,New York Knicks,FALSE,NYK,
207,2015,NBA,Oklahoma City Thunder,FALSE,OKC,
208,2015,NBA,Orlando Magic,FALSE,ORL,
209,2015,NBA,Philadelphia 76ers,FALSE,PHI,
210,2015,NBA,Phoenix Suns,FALSE,PHO,
211,2015,NBA,Portland Trail Blazers,TRUE,POR,
212,2015,NBA,Sacramento Kings,FALSE,SAC,
213,2015,NBA,San Antonio Spurs,TRUE,SAS,
214,2015,NBA,Toronto Raptors,TRUE,TOR,
215,2015,NBA,Utah Jazz,FALSE,UTA,
216,2015,NBA,Washington Wizards,TRUE,WAS,
217,2014,NBA,Atlanta Hawks,TRUE,ATL,
218,2014,NBA,Boston Celtics,FALSE,BOS,
219,2014,NBA,Brooklyn Nets,TRUE,BRK,
220,2014,NBA,Charlotte Bobcats,TRUE,CHA,
221,2014,NBA,Chicago Bulls,TRUE,CHI,
222,2014,NBA,Cleveland Cavaliers,FALSE,CLE,
223,2014,NBA,Dallas Mavericks,TRUE,DAL,
224,2014,NBA,Denver Nuggets,FALSE,DEN,
225,2014,NBA,Detroit Pistons,FALSE,DET,
226,2014,NBA,Golden State Warriors,TRUE,GSW,
227,2014,NBA,Houston Rockets,TRUE,HOU,
228,2014,NBA,Indiana Pacers,TRUE,IND,
229,2014,NBA,League Average,FALSE,NA,
230,2014,NBA,Los Angeles Clippers,TRUE,LAC,
231,2014,NBA,Los Angeles Lakers,FALSE,LAL,
232,2014,NBA,Memphis Grizzlies,TRUE,MEM,
233,2014,NBA,Miami Heat,TRUE,MIA,
234,2014,NBA,Milwaukee Bucks,FALSE,MIL,
235,2014,NBA,Minnesota Timberwolves,FALSE,MIN,
236,2014,NBA,New Orleans Pelicans,FALSE,NOP,
237,2014,NBA,New York Knicks,FALSE,NYK,
238,2014,NBA,Oklahoma City Thunder,TRUE,OKC,
239,2014,NBA,Orlando Magic,FALSE,ORL,
240,2014,NBA,Philadelphia 76ers,FALSE,PHI,
241,2014,NBA,Phoenix Suns,FALSE,PHO,
242,2014,NBA,Portland Trail Blazers,TRUE,POR,
243,2014,NBA,Sacramento Kings,FALSE,SAC,
244,2014,NBA,San Antonio Spurs,TRUE,SAS,
245,2014,NBA,Toronto Raptors,TRUE,TOR,
246,2014,NBA,Utah Jazz,FALSE,UTA,
247,2014,NBA,Washington Wizards,TRUE,WAS,
248,2013,NBA,Atlanta Hawks,TRUE,ATL,
249,2013,NBA,Boston Celtics,TRUE,BOS,
250,2013,NBA,Brooklyn Nets,TRUE,BRK,
251,2013,NBA,Charlotte Bobcats,FALSE,CHA,
252,2013,NBA,Chicago Bulls,TRUE,CHI,
253,2013,NBA,Cleveland Cavaliers,FALSE,CLE,
254,2013,NBA,Dallas Mavericks,FALSE,DAL,
255,2013,NBA,Denver Nuggets,TRUE,DEN,
256,2013,NBA,Detroit Pistons,FALSE,DET,
257,2013,NBA,Golden State Warriors,TRUE,GSW,
258,2013,NBA,Houston Rockets,TRUE,HOU,
259,2013,NBA,Indiana Pacers,TRUE,IND,
260,2013,NBA,League Average,FALSE,NA,
261,2013,NBA,Los Angeles Clippers,TRUE,LAC,
262,2013,NBA,Los Angeles Lakers,TRUE,LAL,
263,2013,NBA,Memphis Grizzlies,TRUE,MEM,
264,2013,NBA,Miami Heat,TRUE,MIA,
265,2013,NBA,Milwaukee Bucks,TRUE,MIL,
266,2013,NBA,Minnesota Timberwolves,FALSE,MIN,
267,2013,NBA,New Orleans Hornets,FALSE,NOH,
268,2013,NBA,New York Knicks,TRUE,NYK,
269,2013,NBA,Oklahoma City Thunder,TRUE,OKC,
270,2013,NBA,Orlando Magic,FALSE,ORL,
271,2013,NBA,Philadelphia 76ers,FALSE,PHI,
272,2013,NBA,Phoenix Suns,FALSE,PHO,
273,2013,NBA,Portland Trail Blazers,FALSE,POR,
274,2013,NBA,Sacramento Kings,FALSE,SAC,
275,2013,NBA,San Antonio Spurs,TRUE,SAS,
276,2013,NBA,Toronto Raptors,FALSE,TOR,
277,2013,NBA,Utah Jazz,FALSE,UTA,
278,2013,NBA,Washington Wizards,FALSE,WAS,
279,2012,NBA,Atlanta Hawks,TRUE,ATL,
280,2012,NBA,Boston Celtics,TRUE,BOS,
281,2012,NBA,Charlotte Bobcats,FALSE,CHA,
282,2012,NBA,Chicago Bulls,TRUE,CHI,
283,2012,NBA,Cleveland Cavaliers,FALSE,CLE,
284,2012,NBA,Dallas Mavericks,TRUE,DAL,
285,2012,NBA,Denver Nuggets,TRUE,DEN,
286,2012,NBA,Detroit Pistons,FALSE,DET,
287,2012,NBA,Golden State Warriors,FALSE,GSW,
288,2012,NBA,Houston Rockets,FALSE,HOU,
289,2012,NBA,Indiana Pacers,TRUE,IND,
290,2012,NBA,League Average,FALSE,NA,
291,2012,NBA,Los Angeles Clippers,TRUE,LAC,
292,2012,NBA,Los Angeles Lakers,TRUE,LAL,
293,2012,NBA,Memphis Grizzlies,TRUE,MEM,
294,2012,NBA,Miami Heat,TRUE,MIA,
295,2012,NBA,Milwaukee Bucks,FALSE,MIL,
296,2012,NBA,Minnesota Timberwolves,FALSE,MIN,
297,2012,NBA,New Jersey Nets,FALSE,NJN,
298,2012,NBA,New Orleans Hornets,FALSE,NOH,
299,2012,NBA,New York Knicks,TRUE,NYK,
300,2012,NBA,Oklahoma City Thunder,TRUE,OKC,
301,2012,NBA,Orlando Magic,TRUE,ORL,
302,2012,NBA,Philadelphia 76ers,TRUE,PHI,
303,2012,NBA,Phoenix Suns,FALSE,PHO,
304,2012,NBA,Portland Trail Blazers,FALSE,POR,
305,2012,NBA,Sacramento Kings,FALSE,SAC,
306,2012,NBA,San Antonio Spurs,TRUE,SAS,
307,2012,NBA,Toronto Raptors,FALSE,TOR,
308,2012,NBA,Utah Jazz,TRUE,UTA,
309,2012,NBA,Washington Wizards,FALSE,WAS,
310,2011,NBA,Atlanta Hawks,TRUE,ATL,
311,2011,NBA,Boston Celtics,TRUE,BOS,
312,2011,NBA,Charlotte Bobcats,FALSE,CHA,
313,2011,NBA,Chicago Bulls,TRUE,CHI,
314,2011,NBA,Cleveland Cavaliers,FALSE,CLE,
315,2011,NBA,Dallas Mavericks,TRUE,DAL,
316,2011,NBA,Denver Nuggets,TRUE,DEN,
317,2011,NBA,Detroit Pistons,FALSE,DET,
318,2011,NBA,Golden State Warriors,FALSE,GSW,
319,2011,NBA,Houston Rockets,FALSE,HOU,
320,2011,NBA,Indiana Pacers,TRUE,IND,
321,2011,NBA,League Average,FALSE,NA,
322,2011,NBA,Los Angeles Clippers,FALSE,LAC,
323,2011,NBA,Los Angeles Lakers,TRUE,LAL,
324,2011,NBA,Memphis Grizzlies,TRUE,MEM,
325,2011,NBA,Miami Heat,TRUE,MIA,
326,2011,NBA,Milwaukee Bucks,FALSE,MIL,
327,2011,NBA,Minnesota Timberwolves,FALSE,MIN,
328,2011,NBA,New Jersey Nets,FALSE,NJN,
329,2011,NBA,New Orleans Hornets,TRUE,NOH,
330,2011,NBA,New York Knicks,TRUE,NYK,
331,2011,NBA,Oklahoma City Thunder,TRUE,OKC,
332,2011,NBA,Orlando Magic,TRUE,ORL,
333,2011,NBA,Philadelphia 76ers,TRUE,PHI,
334,2011,NBA,Phoenix Suns,FALSE,PHO,
335,2011,NBA,Portland Trail Blazers,TRUE,POR,
336,2011,NBA,Sacramento Kings,FALSE,SAC,
337,2011,NBA,San Antonio Spurs,TRUE,SAS,
338,2011,NBA,Toronto Raptors,FALSE,TOR,
339,2011,NBA,Utah Jazz,FALSE,UTA,
340,2011,NBA,Washington Wizards,FALSE,WAS,
341,2010,NBA,Atlanta Hawks,TRUE,ATL,
342,2010,NBA,Boston Celtics,TRUE,BOS,
343,2010,NBA,Charlotte Bobcats,TRUE,CHA,
344,2010,NBA,Chicago Bulls,TRUE,CHI,
345,2010,NBA,Cleveland Cavaliers,TRUE,CLE,
346,2010,NBA,Dallas Mavericks,TRUE,DAL,
347,2010,NBA,Denver Nuggets,TRUE,DEN,
348,2010,NBA,Detroit Pistons,FALSE,DET,
349,2010,NBA,Golden State Warriors,FALSE,GSW,
350,2010,NBA,Houston Rockets,FALSE,HOU,
351,2010,NBA,Indiana Pacers,FALSE,IND,
352,2010,NBA,League Average,FALSE,NA,
353,2010,NBA,Los Angeles Clippers,FALSE,LAC,
354,2010,NBA,Los Angeles Lakers,TRUE,LAL,
355,2010,NBA,Memphis Grizzlies,FALSE,MEM,
356,2010,NBA,Miami Heat,TRUE,MIA,
357,2010,NBA,Milwaukee Bucks,TRUE,MIL,
358,2010,NBA,Minnesota Timberwolves,FALSE,MIN,
359,2010,NBA,New Jersey Nets,FALSE,NJN,
360,2010,NBA,New Orleans Hornets,FALSE,NOH,
361,2010,NBA,New York Knicks,FALSE,NYK,
362,2010,NBA,Oklahoma City Thunder,TRUE,OKC,
363,2010,NBA,Orlando Magic,TRUE,ORL,
364,2010,NBA,Philadelphia 76ers,FALSE,PHI,
365,2010,NBA,Phoenix Suns,TRUE,PHO,
366,2010,NBA,Portland Trail Blazers,TRUE,POR,
367,2010,NBA,Sacramento Kings,FALSE,SAC,
368,2010,NBA,San Antonio Spurs,TRUE,SAS,
369,2010,NBA,Toronto Raptors,FALSE,TOR,
370,2010,NBA,Utah Jazz,TRUE,UTA,
371,2010,NBA,Washington Wizards,FALSE,WAS,
372,2009,NBA,Atlanta Hawks,TRUE,ATL,
373,2009,NBA,Boston Celtics,TRUE,BOS,
374,2009,NBA,Charlotte Bobcats,FALSE,CHA,
375,2009,NBA,Chicago Bulls,TRUE,CHI,
376,2009,NBA,Cleveland Cavaliers,TRUE,CLE,
377,2009,NBA,Dallas Mavericks,TRUE,DAL,
378,2009,NBA,Denver Nuggets,TRUE,DEN,
379,2009,NBA,Detroit Pistons,TRUE,DET,
380,2009,NBA,Golden State Warriors,FALSE,GSW,
381,2009,NBA,Houston Rockets,TRUE,HOU,
382,2009,NBA,Indiana Pacers,FALSE,IND,
383,2009,NBA,League Average,FALSE,NA,
384,2009,NBA,Los Angeles Clippers,FALSE,LAC,
385,2009,NBA,Los Angeles Lakers,TRUE,LAL,
386,2009,NBA,Memphis Grizzlies,FALSE,MEM,
387,2009,NBA,Miami Heat,TRUE,MIA,
388,2009,NBA,Milwaukee Bucks,FALSE,MIL,
389,2009,NBA,Minnesota Timberwolves,FALSE,MIN,
390,2009,NBA,New Jersey Nets,FALSE,NJN,
391,2009,NBA,New Orleans Hornets,TRUE,NOH,
392,2009,NBA,New York Knicks,FALSE,NYK,
393,2009,NBA,Oklahoma City Thunder,FALSE,OKC,
394,2009,NBA,Orlando Magic,TRUE,ORL,
395,2009,NBA,Philadelphia 76ers,TRUE,PHI,
396,2009,NBA,Phoenix Suns,FALSE,PHO,
397,2009,NBA,Portland Trail Blazers,TRUE,POR,
398,2009,NBA,Sacramento Kings,FALSE,SAC,
399,2009,NBA,San Antonio Spurs,TRUE,SAS,
400,2009,NBA,Toronto Raptors,FALSE,TOR,
401,2009,NBA,Utah Jazz,TRUE,UTA,
402,2009,NBA,Washington Wizards,FALSE,WAS,
403,2008,NBA,Atlanta Hawks,TRUE,ATL,
404,2008,NBA,Boston Celtics,TRUE,BOS,
405,2008,NBA,Charlotte Bobcats,FALSE,CHA,
406,2008,NBA,Chicago Bulls,FALSE,CHI,
407,2008,NBA,Cleveland Cavaliers,TRUE,CLE,
408,2008,NBA,Dallas Mavericks,TRUE,DAL,
409,2008,NBA,Denver Nuggets,TRUE,DEN,
410,2008,NBA,Detroit Pistons,TRUE,DET,
411,2008,NBA,Golden State Warriors,FALSE,GSW,
412,2008,NBA,Houston Rockets,TRUE,HOU,
413,2008,NBA,Indiana Pacers,FALSE,IND,
414,2008,NBA,League Average,FALSE,NA,
415,2008,NBA,Los Angeles Clippers,FALSE,LAC,
416,2008,NBA,Los Angeles Lakers,TRUE,LAL,
417,2008,NBA,Memphis Grizzlies,FALSE,MEM,
418,2008,NBA,Miami Heat,FALSE,MIA,
419,2008,NBA,Milwaukee Bucks,FALSE,MIL,
420,2008,NBA,Minnesota Timberwolves,FALSE,MIN,
421,2008,NBA,New Jersey Nets,FALSE,NJN,
422,2008,NBA,New Orleans Hornets,TRUE,NOH,
423,2008,NBA,New York Knicks,FALSE,NYK,
424,2008,NBA,Orlando Magic,TRUE,ORL,
425,2008,NBA,Philadelphia 76ers,TRUE,PHI,
426,2008,NBA,Phoenix Suns,TRUE,PHO,
427,2008,NBA,Portland Trail Blazers,FALSE,POR,
428,2008,NBA,Sacramento Kings,FALSE,SAC,
429,2008,NBA,San Antonio Spurs,TRUE,SAS,
430,2008,NBA,Seattle SuperSonics,FALSE,SEA,
431,2008,NBA,Toronto Raptors,TRUE,TOR,
432,2008,NBA,Utah Jazz,TRUE,UTA,
433,2008,NBA,Washington Wizards,TRUE,WAS,
434,2007,NBA,Atlanta Hawks,FALSE,ATL,
435,2007,NBA,Boston Celtics,FALSE,BOS,
436,2007,NBA,Charlotte Bobcats,FALSE,CHA,
437,2007,NBA,Chicago Bulls,TRUE,CHI,
438,2007,NBA,Cleveland Cavaliers,TRUE,CLE,
439,2007,NBA,Dallas Mavericks,TRUE,DAL,
440,2007,NBA,Denver Nuggets,TRUE,DEN,
441,2007,NBA,Detroit Pistons,TRUE,DET,
442,2007,NBA,Golden State Warriors,TRUE,GSW,
443,2007,NBA,Houston Rockets,TRUE,HOU,
444,2007,NBA,Indiana Pacers,FALSE,IND,
445,2007,NBA,League Average,FALSE,NA,
446,2007,NBA,Los Angeles Clippers,FALSE,LAC,
447,2007,NBA,Los Angeles Lakers,TRUE,LAL,
448,2007,NBA,Memphis Grizzlies,FALSE,MEM,
449,2007,NBA,Miami Heat,TRUE,MIA,
450,2007,NBA,Milwaukee Bucks,FALSE,MIL,
451,2007,NBA,Minnesota Timberwolves,FALSE,MIN,
452,2007,NBA,New Jersey Nets,TRUE,NJN,
453,2007,NBA,New Orleans/Oklahoma City Hornets,FALSE,NOK,
454,2007,NBA,New York Knicks,FALSE,NYK,
455,2007,NBA,Orlando Magic,TRUE,ORL,
456,2007,NBA,Philadelphia 76ers,FALSE,PHI,
457,2007,NBA,Phoenix Suns,TRUE,PHO,
458,2007,NBA,Portland Trail Blazers,FALSE,POR,
459,2007,NBA,Sacramento Kings,FALSE,SAC,
460,2007,NBA,San Antonio Spurs,TRUE,SAS,
461,2007,NBA,Seattle SuperSonics,FALSE,SEA,
462,2007,NBA,Toronto Raptors,TRUE,TOR,
463,2007,NBA,Utah Jazz,TRUE,UTA,
464,2007,NBA,Washington Wizards,TRUE,WAS,
465,2006,NBA,Atlanta Hawks,FALSE,ATL,
466,2006,NBA,Boston Celtics,FALSE,BOS,
467,2006,NBA,Charlotte Bobcats,FALSE,CHA,
468,2006,NBA,Chicago Bulls,TRUE,CHI,
469,2006,NBA,Cleveland Cavaliers,TRUE,CLE,
470,2006,NBA,Dallas Mavericks,TRUE,DAL,
471,2006,NBA,Denver Nuggets,TRUE,DEN,
472,2006,NBA,Detroit Pistons,TRUE,DET,
473,2006,NBA,Golden State Warriors,FALSE,GSW,
474,2006,NBA,Houston Rockets,FALSE,HOU,
475,2006,NBA,Indiana Pacers,TRUE,IND,
476,2006,NBA,League Average,FALSE,NA,
477,2006,NBA,Los Angeles Clippers,TRUE,LAC,
478,2006,NBA,Los Angeles Lakers,TRUE,LAL,
479,2006,NBA,Memphis Grizzlies,TRUE,MEM,
480,2006,NBA,Miami Heat,TRUE,MIA,
481,2006,NBA,Milwaukee Bucks,TRUE,MIL,
482,2006,NBA,Minnesota Timberwolves,FALSE,MIN,
483,2006,NBA,New Jersey Nets,TRUE,NJN,
484,2006,NBA,New Orleans/Oklahoma City Hornets,FALSE,NOK,
485,2006,NBA,New York Knicks,FALSE,NYK,
486,2006,NBA,Orlando Magic,FALSE,ORL,
487,2006,NBA,Philadelphia 76ers,FALSE,PHI,
488,2006,NBA,Phoenix Suns,TRUE,PHO,
489,2006,NBA,Portland Trail Blazers,FALSE,POR,
490,2006,NBA,Sacramento Kings,TRUE,SAC,
491,2006,NBA,San Antonio Spurs,TRUE,SAS,
492,2006,NBA,Seattle SuperSonics,FALSE,SEA,
493,2006,NBA,Toronto Raptors,FALSE,TOR,
494,2006,NBA,Utah Jazz,FALSE,UTA,
495,2006,NBA,Washington Wizards,TRUE,WAS,
496,2005,NBA,Atlanta Hawks,FALSE,ATL,
497,2005,NBA,Boston Celtics,TRUE,BOS,
498,2005,NBA,Charlotte Bobcats,FALSE,CHA,
499,2005,NBA,Chicago Bulls,TRUE,CHI,
500,2005,NBA,Cleveland Cavaliers,FALSE,CLE,
501,2005,NBA,Dallas Mavericks,TRUE,DAL,
502,2005,NBA,Denver Nuggets,TRUE,DEN,
503,2005,NBA,Detroit Pistons,TRUE,DET,
504,2005,NBA,Golden State Warriors,FALSE,GSW,
505,2005,NBA,Houston Rockets,TRUE,HOU,
506,2005,NBA,Indiana Pacers,TRUE,IND,
507,2005,NBA,League Average,FALSE,NA,
508,2005,NBA,Los Angeles Clippers,FALSE,LAC,
509,2005,NBA,Los Angeles Lakers,FALSE,LAL,
510,2005,NBA,Memphis Grizzlies,TRUE,MEM,
511,2005,NBA,Miami Heat,TRUE,MIA,
512,2005,NBA,Milwaukee Bucks,FALSE,MIL,
513,2005,NBA,Minnesota Timberwolves,FALSE,MIN,
514,2005,NBA,New Jersey Nets,TRUE,NJN,
515,2005,NBA,New Orleans Hornets,FALSE,NOH,
516,2005,NBA,New York Knicks,FALSE,NYK,
517,2005,NBA,Orlando Magic,FALSE,ORL,
518,2005,NBA,Philadelphia 76ers,TRUE,PHI,
519,2005,NBA,Phoenix Suns,TRUE,PHO,
520,2005,NBA,Portland Trail Blazers,FALSE,POR,
521,2005,NBA,Sacramento Kings,TRUE,SAC,
522,2005,NBA,San Antonio Spurs,TRUE,SAS,
523,2005,NBA,Seattle SuperSonics,TRUE,SEA,
524,2005,NBA,Toronto Raptors,FALSE,TOR,
525,2005,NBA,Utah Jazz,FALSE,UTA,
526,2005,NBA,Washington Wizards,TRUE,WAS,
527,2004,NBA,Atlanta Hawks,FALSE,ATL,
528,2004,NBA,Boston Celtics,TRUE,BOS,
529,2004,NBA,Chicago Bulls,FALSE,CHI,
530,2004,NBA,Cleveland Cavaliers,FALSE,CLE,
531,2004,NBA,Dallas Mavericks,TRUE,DAL,
532,2004,NBA,Denver Nuggets,TRUE,DEN,
533,2004,NBA,Detroit Pistons,TRUE,DET,
534,2004,NBA,Golden State Warriors,FALSE,GSW,
535,2004,NBA,Houston Rockets,TRUE,HOU,
536,2004,NBA,Indiana Pacers,TRUE,IND,
537,2004,NBA,League Average,FALSE,NA,
538,2004,NBA,Los Angeles Clippers,FALSE,LAC,
539,2004,NBA,Los Angeles Lakers,TRUE,LAL,
540,2004,NBA,Memphis Grizzlies,TRUE,MEM,
541,2004,NBA,Miami Heat,TRUE,MIA,
542,2004,NBA,Milwaukee Bucks,TRUE,MIL,
543,2004,NBA,Minnesota Timberwolves,TRUE,MIN,
544,2004,NBA,New Jersey Nets,TRUE,NJN,
545,2004,NBA,New Orleans Hornets,TRUE,NOH,
546,2004,NBA,New York Knicks,TRUE,NYK,
547,2004,NBA,Orlando Magic,FALSE,ORL,
548,2004,NBA,Philadelphia 76ers,FALSE,PHI,
549,2004,NBA,Phoenix Suns,FALSE,PHO,
550,2004,NBA,Portland Trail Blazers,FALSE,POR,
551,2004,NBA,Sacramento Kings,TRUE,SAC,
552,2004,NBA,San Antonio Spurs,TRUE,SAS,
553,2004,NBA,Seattle SuperSonics,FALSE,SEA,
554,2004,NBA,Toronto Raptors,FALSE,TOR,
555,2004,NBA,Utah Jazz,FALSE,UTA,
556,2004,NBA,Washington Wizards,FALSE,WAS,
557,2003,NBA,Atlanta Hawks,FALSE,ATL,
558,2003,NBA,Boston Celtics,TRUE,BOS,
559,2003,NBA,Chicago Bulls,FALSE,CHI,
560,2003,NBA,Cleveland Cavaliers,FALSE,CLE,
561,2003,NBA,Dallas Mavericks,TRUE,DAL,
562,2003,NBA,Denver Nuggets,FALSE,DEN,
563,2003,NBA,Detroit Pistons,TRUE,DET,
564,2003,NBA,Golden State Warriors,FALSE,GSW,
565,2003,NBA,Houston Rockets,FALSE,HOU,
566,2003,NBA,Indiana Pacers,TRUE,IND,
567,2003,NBA,League Average,FALSE,NA,
568,2003,NBA,Los Angeles Clippers,FALSE,LAC,
569,2003,NBA,Los Angeles Lakers,TRUE,LAL,
570,2003,NBA,Memphis Grizzlies,FALSE,MEM,
571,2003,NBA,Miami Heat,FALSE,MIA,
572,2003,NBA,Milwaukee Bucks,TRUE,MIL,
573,2003,NBA,Minnesota Timberwolves,TRUE,MIN,
574,2003,NBA,New Jersey Nets,TRUE,NJN,
575,2003,NBA,New Orleans Hornets,TRUE,NOH,
576,2003,NBA,New York Knicks,FALSE,NYK,
577,2003,NBA,Orlando Magic,TRUE,ORL,
578,2003,NBA,Philadelphia 76ers,TRUE,PHI,
579,2003,NBA,Phoenix Suns,TRUE,PHO,
580,2003,NBA,Portland Trail Blazers,TRUE,POR,
581,2003,NBA,Sacramento Kings,TRUE,SAC,
582,2003,NBA,San Antonio Spurs,TRUE,SAS,
583,2003,NBA,Seattle SuperSonics,FALSE,SEA,
584,2003,NBA,Toronto Raptors,FALSE,TOR,
585,2003,NBA,Utah Jazz,TRUE,UTA,
586,2003,NBA,Washington Wizards,FALSE,WAS,
587,2002,NBA,Atlanta Hawks,FALSE,ATL,
588,2002,NBA,Boston Celtics,TRUE,BOS,
589,2002,NBA,Charlotte Hornets,TRUE,CHH,
590,2002,NBA,Chicago Bulls,FALSE,CHI,
591,2002,NBA,Cleveland Cavaliers,FALSE,CLE,
592,2002,NBA,Dallas Mavericks,TRUE,DAL,
593,2002,NBA,Denver Nuggets,FALSE,DEN,
594,2002,NBA,Detroit Pistons,TRUE,DET,
595,2002,NBA,Golden State Warriors,FALSE,GSW,
596,2002,NBA,Houston Rockets,FALSE,HOU,
597,2002,NBA,Indiana Pacers,TRUE,IND,
598,2002,NBA,League Average,FALSE,NA,
599,2002,NBA,Los Angeles Clippers,FALSE,LAC,
600,2002,NBA,Los Angeles Lakers,TRUE,LAL,
601,2002,NBA,Memphis Grizzlies,FALSE,MEM,
602,2002,NBA,Miami Heat,FALSE,MIA,
603,2002,NBA,Milwaukee Bucks,FALSE,MIL,
604,2002,NBA,Minnesota Timberwolves,TRUE,MIN,
605,2002,NBA,New Jersey Nets,TRUE,NJN,
606,2002,NBA,New York Knicks,FALSE,NYK,
607,2002,NBA,Orlando Magic,TRUE,ORL,
608,2002,NBA,Philadelphia 76ers,TRUE,PHI,
609,2002,NBA,Phoenix Suns,FALSE,PHO,
610,2002,NBA,Portland Trail Blazers,TRUE,POR,
611,2002,NBA,Sacramento Kings,TRUE,SAC,
612,2002,NBA,San Antonio Spurs,TRUE,SAS,
613,2002,NBA,Seattle SuperSonics,TRUE,SEA,
614,2002,NBA,Toronto Raptors,TRUE,TOR,
615,2002,NBA,Utah Jazz,TRUE,UTA,
616,2002,NBA,Washington Wizards,FALSE,WAS,
617,2001,NBA,Atlanta Hawks,FALSE,ATL,
618,2001,NBA,Boston Celtics,FALSE,BOS,
619,2001,NBA,Charlotte Hornets,TRUE,CHH,
620,2001,NBA,Chicago Bulls,FALSE,CHI,
621,2001,NBA,Cleveland Cavaliers,FALSE,CLE,
622,2001,NBA,Dallas Mavericks,TRUE,DAL,
623,2001,NBA,Denver Nuggets,FALSE,DEN,
624,2001,NBA,Detroit Pistons,FALSE,DET,
625,2001,NBA,Golden State Warriors,FALSE,GSW,
626,2001,NBA,Houston Rockets,FALSE,HOU,
627,2001,NBA,Indiana Pacers,TRUE,IND,
628,2001,NBA,League Average,FALSE,NA,
629,2001,NBA,Los Angeles Clippers,FALSE,LAC,
630,2001,NBA,Los Angeles Lakers,TRUE,LAL,
631,2001,NBA,Miami Heat,TRUE,MIA,
632,2001,NBA,Milwaukee Bucks,TRUE,MIL,
633,2001,NBA,Minnesota Timberwolves,TRUE,MIN,
634,2001,NBA,New Jersey Nets,FALSE,NJN,
635,2001,NBA,New York Knicks,TRUE,NYK,
636,2001,NBA,Orlando Magic,TRUE,ORL,
637,2001,NBA,Philadelphia 76ers,TRUE,PHI,
638,2001,NBA,Phoenix Suns,TRUE,PHO,
639,2001,NBA,Portland Trail Blazers,TRUE,POR,
640,2001,NBA,Sacramento Kings,TRUE,SAC,
641,2001,NBA,San Antonio Spurs,TRUE,SAS,
642,2001,NBA,Seattle SuperSonics,FALSE,SEA,
643,2001,NBA,Toronto Raptors,TRUE,TOR,
644,2001,NBA,Utah Jazz,TRUE,UTA,
645,2001,NBA,Vancouver Grizzlies,FALSE,VAN,
646,2001,NBA,Washington Wizards,FALSE,WAS,
647,2000,NBA,Atlanta Hawks,FALSE,ATL,
648,2000,NBA,Boston Celtics,FALSE,BOS,
649,2000,NBA,Charlotte Hornets,TRUE,CHH,
650,2000,NBA,Chicago Bulls,FALSE,CHI,
651,2000,NBA,Cleveland Cavaliers,FALSE,CLE,
652,2000,NBA,Dallas Mavericks,FALSE,DAL,
653,2000,NBA,Denver Nuggets,FALSE,DEN,
654,2000,NBA,Detroit Pistons,TRUE,DET,
655,2000,NBA,Golden State Warriors,FALSE,GSW,
656,2000,NBA,Houston Rockets,FALSE,HOU,
657,2000,NBA,Indiana Pacers,TRUE,IND,
658,2000,NBA,League Average,FALSE,NA,
659,2000,NBA,Los Angeles Clippers,FALSE,LAC,
660,2000,NBA,Los Angeles Lakers,TRUE,LAL,
661,2000,NBA,Miami Heat,TRUE,MIA,
662,2000,NBA,Milwaukee Bucks,TRUE,MIL,
663,2000,NBA,Minnesota Timberwolves,TRUE,MIN,
664,2000,NBA,New Jersey Nets,FALSE,NJN,
665,2000,NBA,New York Knicks,TRUE,NYK,
666,2000,NBA,Orlando Magic,FALSE,ORL,
667,2000,NBA,Philadelphia 76ers,TRUE,PHI,
668,2000,NBA,Phoenix Suns,TRUE,PHO,
669,2000,NBA,Portland Trail Blazers,TRUE,POR,
670,2000,NBA,Sacramento Kings,TRUE,SAC,
671,2000,NBA,San Antonio Spurs,TRUE,SAS,
672,2000,NBA,Seattle SuperSonics,TRUE,SEA,
673,2000,NBA,Toronto Raptors,TRUE,TOR,
674,2000,NBA,Utah Jazz,TRUE,UTA,
675,2000,NBA,Vancouver Grizzlies,FALSE,VAN,
676,2000,NBA,Washington Wizards,FALSE,WAS,
677,1999,NBA,Atlanta Hawks,TRUE,ATL,
678,1999,NBA,Boston Celtics,FALSE,BOS,
679,1999,NBA,Charlotte Hornets,FALSE,CHH,
680,1999,NBA,Chicago Bulls,FALSE,CHI,
681,1999,NBA,Cleveland Cavaliers,FALSE,CLE,
682,1999,NBA,Dallas Mavericks,FALSE,DAL,
683,1999,NBA,Denver Nuggets,FALSE,DEN,
684,1999,NBA,Detroit Pistons,TRUE,DET,
685,1999,NBA,Golden State Warriors,FALSE,GSW,
686,1999,NBA,Houston Rockets,TRUE,HOU,
687,1999,NBA,Indiana Pacers,TRUE,IND,
688,1999,NBA,League Average,FALSE,NA,
689,1999,NBA,Los Angeles Clippers,FALSE,LAC,
690,1999,NBA,Los Angeles Lakers,TRUE,LAL,
691,1999,NBA,Miami Heat,TRUE,MIA,
692,1999,NBA,Milwaukee Bucks,TRUE,MIL,
693,1999,NBA,Minnesota Timberwolves,TRUE,MIN,
694,1999,NBA,New Jersey Nets,FALSE,NJN,
695,1999,NBA,New York Knicks,TRUE,NYK,
696,1999,NBA,Orlando Magic,TRUE,ORL,
697,1999,NBA,Philadelphia 76ers,TRUE,PHI,
698,1999,NBA,Phoenix Suns,TRUE,PHO,
699,1999,NBA,Portland Trail Blazers,TRUE,POR,
700,1999,NBA,Sacramento Kings,TRUE,SAC,
701,1999,NBA,San Antonio Spurs,TRUE,SAS,
702,1999,NBA,Seattle SuperSonics,FALSE,SEA,
703,1999,NBA,Toronto Raptors,FALSE,TOR,
704,1999,NBA,Utah Jazz,TRUE,UTA,
705,1999,NBA,Vancouver Grizzlies,FALSE,VAN,
706,1999,NBA,Washington Wizards,FALSE,WAS,
707,1998,NBA,Atlanta Hawks,TRUE,ATL,
708,1998,NBA,Boston Celtics,FALSE,BOS,
709,1998,NBA,Charlotte Hornets,TRUE,CHH,
710,1998,NBA,Chicago Bulls,TRUE,CHI,
711,1998,NBA,Cleveland Cavaliers,TRUE,CLE,
712,1998,NBA,Dallas Mavericks,FALSE,DAL,
713,1998,NBA,Denver Nuggets,FALSE,DEN,
714,1998,NBA,Detroit Pistons,FALSE,DET,
715,1998,NBA,Golden State Warriors,FALSE,GSW,
716,1998,NBA,Houston Rockets,TRUE,HOU,
717,1998,NBA,Indiana Pacers,TRUE,IND,
718,1998,NBA,League Average,FALSE,NA,
719,1998,NBA,Los Angeles Clippers,FALSE,LAC,
720,1998,NBA,Los Angeles Lakers,TRUE,LAL,
721,1998,NBA,Miami Heat,TRUE,MIA,
722,1998,NBA,Milwaukee Bucks,FALSE,MIL,
723,1998,NBA,Minnesota Timberwolves,TRUE,MIN,
724,1998,NBA,New Jersey Nets,TRUE,NJN,
725,1998,NBA,New York Knicks,TRUE,NYK,
726,1998,NBA,Orlando Magic,FALSE,ORL,
727,1998,NBA,Philadelphia 76ers,FALSE,PHI,
728,1998,NBA,Phoenix Suns,TRUE,PHO,
729,1998,NBA,Portland Trail Blazers,TRUE,POR,
730,1998,NBA,Sacramento Kings,FALSE,SAC,
731,1998,NBA,San Antonio Spurs,TRUE,SAS,
732,1998,NBA,Seattle SuperSonics,TRUE,SEA,
733,1998,NBA,Toronto Raptors,FALSE,TOR,
734,1998,NBA,Utah Jazz,TRUE,UTA,
735,1998,NBA,Vancouver Grizzlies,FALSE,VAN,
736,1998,NBA,Washington Wizards,FALSE,WAS,
737,1997,NBA,Atlanta Hawks,TRUE,ATL,
738,1997,NBA,Boston Celtics,FALSE,BOS,
739,1997,NBA,Charlotte Hornets,TRUE,CHH,
740,1997,NBA,Chicago Bulls,TRUE,CHI,
741,1997,NBA,Cleveland Cavaliers,FALSE,CLE,
742,1997,NBA,Dallas Mavericks,FALSE,DAL,
743,1997,NBA,Denver Nuggets,FALSE,DEN,
744,1997,NBA,Detroit Pistons,TRUE,DET,
745,1997,NBA,Golden State Warriors,FALSE,GSW,
746,1997,NBA,Houston Rockets,TRUE,HOU,
747,1997,NBA,Indiana Pacers,FALSE,IND,
748,1997,NBA,League Average,FALSE,NA,
749,1997,NBA,Los Angeles Clippers,TRUE,LAC,
750,1997,NBA,Los Angeles Lakers,TRUE,LAL,
751,1997,NBA,Miami Heat,TRUE,MIA,
752,1997,NBA,Milwaukee Bucks,FALSE,MIL,
753,1997,NBA,Minnesota Timberwolves,TRUE,MIN,
754,1997,NBA,New Jersey Nets,FALSE,NJN,
755,1997,NBA,New York Knicks,TRUE,NYK,
756,1997,NBA,Orlando Magic,TRUE,ORL,
757,1997,NBA,Philadelphia 76ers,FALSE,PHI,
758,1997,NBA,Phoenix Suns,TRUE,PHO,
759,1997,NBA,Portland Trail Blazers,TRUE,POR,
760,1997,NBA,Sacramento Kings,FALSE,SAC,
761,1997,NBA,San Antonio Spurs,FALSE,SAS,
762,1997,NBA,Seattle SuperSonics,TRUE,SEA,
763,1997,NBA,Toronto Raptors,FALSE,TOR,
764,1997,NBA,Utah Jazz,TRUE,UTA,
765,1997,NBA,Vancouver Grizzlies,FALSE,VAN,
766,1997,NBA,Washington Bullets,TRUE,WSB,
767,1996,NBA,Atlanta Hawks,TRUE,ATL,
768,1996,NBA,Boston Celtics,FALSE,BOS,
769,1996,NBA,Charlotte Hornets,FALSE,CHH,
770,1996,NBA,Chicago Bulls,TRUE,CHI,
771,1996,NBA,Cleveland Cavaliers,TRUE,CLE,
772,1996,NBA,Dallas Mavericks,FALSE,DAL,
773,1996,NBA,Denver Nuggets,FALSE,DEN,
774,1996,NBA,Detroit Pistons,TRUE,DET,
775,1996,NBA,Golden State Warriors,FALSE,GSW,
776,1996,NBA,Houston Rockets,TRUE,HOU,
777,1996,NBA,Indiana Pacers,TRUE,IND,
778,1996,NBA,League Average,FALSE,NA,
779,1996,NBA,Los Angeles Clippers,FALSE,LAC,
780,1996,NBA,Los Angeles Lakers,TRUE,LAL,
781,1996,NBA,Miami Heat,TRUE,MIA,
782,1996,NBA,Milwaukee Bucks,FALSE,MIL,
783,1996,NBA,Minnesota Timberwolves,FALSE,MIN,
784,1996,NBA,New Jersey Nets,FALSE,NJN,
785,1996,NBA,New York Knicks,TRUE,NYK,
786,1996,NBA,Orlando Magic,TRUE,ORL,
787,1996,NBA,Philadelphia 76ers,FALSE,PHI,
788,1996,NBA,Phoenix Suns,TRUE,PHO,
789,1996,NBA,Portland Trail Blazers,TRUE,POR,
790,1996,NBA,Sacramento Kings,TRUE,SAC,
791,1996,NBA,San Antonio Spurs,TRUE,SAS,
792,1996,NBA,Seattle SuperSonics,TRUE,SEA,
793,1996,NBA,Toronto Raptors,FALSE,TOR,
794,1996,NBA,Utah Jazz,TRUE,UTA,
795,1996,NBA,Vancouver Grizzlies,FALSE,VAN,
796,1996,NBA,Washington Bullets,FALSE,WSB,
797,1995,NBA,Atlanta Hawks,TRUE,ATL,
798,1995,NBA,Boston Celtics,TRUE,BOS,
799,1995,NBA,Charlotte Hornets,TRUE,CHH,
800,1995,NBA,Chicago Bulls,TRUE,CHI,
801,1995,NBA,Cleveland Cavaliers,TRUE,CLE,
802,1995,NBA,Dallas Mavericks,FALSE,DAL,
803,1995,NBA,Denver Nuggets,TRUE,DEN,
804,1995,NBA,Detroit Pistons,FALSE,DET,
805,1995,NBA,Golden State Warriors,FALSE,GSW,
806,1995,NBA,Houston Rockets,TRUE,HOU,
807,1995,NBA,Indiana Pacers,TRUE,IND,
808,1995,NBA,League Average,FALSE,NA,
809,1995,NBA,Los Angeles Clippers,FALSE,LAC,
810,1995,NBA,Los Angeles Lakers,TRUE,LAL,
811,1995,NBA,Miami Heat,FALSE,MIA,
812,1995,NBA,Milwaukee Bucks,FALSE,MIL,
813,1995,NBA,Minnesota Timberwolves,FALSE,MIN,
814,1995,NBA,New Jersey Nets,FALSE,NJN,
815,1995,NBA,New York Knicks,TRUE,NYK,
816,1995,NBA,Orlando Magic,TRUE,ORL,
817,1995,NBA,Philadelphia 76ers,FALSE,PHI,
818,1995,NBA,Phoenix Suns,TRUE,PHO,
819,1995,NBA,Portland Trail Blazers,TRUE,POR,
820,1995,NBA,Sacramento Kings,FALSE,SAC,
821,1995,NBA,San Antonio Spurs,TRUE,SAS,
822,1995,NBA,Seattle SuperSonics,TRUE,SEA,
823,1995,NBA,Utah Jazz,TRUE,UTA,
824,1995,NBA,Washington Bullets,FALSE,WSB,
825,1994,NBA,Atlanta Hawks,TRUE,ATL,
826,1994,NBA,Boston Celtics,FALSE,BOS,
827,1994,NBA,Charlotte Hornets,FALSE,CHH,
828,1994,NBA,Chicago Bulls,TRUE,CHI,
829,1994,NBA,Cleveland Cavaliers,TRUE,CLE,
830,1994,NBA,Dallas Mavericks,FALSE,DAL,
831,1994,NBA,Denver Nuggets,TRUE,DEN,
832,1994,NBA,Detroit Pistons,FALSE,DET,
833,1994,NBA,Golden State Warriors,TRUE,GSW,
834,1994,NBA,Houston Rockets,TRUE,HOU,
835,1994,NBA,Indiana Pacers,TRUE,IND,
836,1994,NBA,League Average,FALSE,NA,
837,1994,NBA,Los Angeles Clippers,FALSE,LAC,
838,1994,NBA,Los Angeles Lakers,FALSE,LAL,
839,1994,NBA,Miami Heat,TRUE,MIA,
840,1994,NBA,Milwaukee Bucks,FALSE,MIL,
841,1994,NBA,Minnesota Timberwolves,FALSE,MIN,
842,1994,NBA,New Jersey Nets,TRUE,NJN,
843,1994,NBA,New York Knicks,TRUE,NYK,
844,1994,NBA,Orlando Magic,TRUE,ORL,
845,1994,NBA,Philadelphia 76ers,FALSE,PHI,
846,1994,NBA,Phoenix Suns,TRUE,PHO,
847,1994,NBA,Portland Trail Blazers,TRUE,POR,
848,1994,NBA,Sacramento Kings,FALSE,SAC,
849,1994,NBA,San Antonio Spurs,TRUE,SAS,
850,1994,NBA,Seattle SuperSonics,TRUE,SEA,
851,1994,NBA,Utah Jazz,TRUE,UTA,
852,1994,NBA,Washington Bullets,FALSE,WSB,
853,1993,NBA,Atlanta Hawks,TRUE,ATL,
854,1993,NBA,Boston Celtics,TRUE,BOS,
855,1993,NBA,Charlotte Hornets,TRUE,CHH,
856,1993,NBA,Chicago Bulls,TRUE,CHI,
857,1993,NBA,Cleveland Cavaliers,TRUE,CLE,
858,1993,NBA,Dallas Mavericks,FALSE,DAL,
859,1993,NBA,Denver Nuggets,FALSE,DEN,
860,1993,NBA,Detroit Pistons,FALSE,DET,
861,1993,NBA,Golden State Warriors,FALSE,GSW,
862,1993,NBA,Houston Rockets,TRUE,HOU,
863,1993,NBA,Indiana Pacers,TRUE,IND,
864,1993,NBA,League Average,FALSE,NA,
865,1993,NBA,Los Angeles Clippers,TRUE,LAC,
866,1993,NBA,Los Angeles Lakers,TRUE,LAL,
867,1993,NBA,Miami Heat,FALSE,MIA,
868,1993,NBA,Milwaukee Bucks,FALSE,MIL,
869,1993,NBA,Minnesota Timberwolves,FALSE,MIN,
870,1993,NBA,New Jersey Nets,TRUE,NJN,
871,1993,NBA,New York Knicks,TRUE,NYK,
872,1993,NBA,Orlando Magic,FALSE,ORL,
873,1993,NBA,Philadelphia 76ers,FALSE,PHI,
874,1993,NBA,Phoenix Suns,TRUE,PHO,
875,1993,NBA,Portland Trail Blazers,TRUE,POR,
876,1993,NBA,Sacramento Kings,FALSE,SAC,
877,1993,NBA,San Antonio Spurs,TRUE,SAS,
878,1993,NBA,Seattle SuperSonics,TRUE,SEA,
879,1993,NBA,Utah Jazz,TRUE,UTA,
880,1993,NBA,Washington Bullets,FALSE,WSB,
881,1992,NBA,Atlanta Hawks,FALSE,ATL,
882,1992,NBA,Boston Celtics,TRUE,BOS,
883,1992,NBA,Charlotte Hornets,FALSE,CHH,
884,1992,NBA,Chicago Bulls,TRUE,CHI,
885,1992,NBA,Cleveland Cavaliers,TRUE,CLE,
886,1992,NBA,Dallas Mavericks,FALSE,DAL,
887,1992,NBA,Denver Nuggets,FALSE,DEN,
888,1992,NBA,Detroit Pistons,TRUE,DET,
889,1992,NBA,Golden State Warriors,TRUE,GSW,
890,1992,NBA,Houston Rockets,FALSE,HOU,
891,1992,NBA,Indiana Pacers,TRUE,IND,
892,1992,NBA,League Average,FALSE,NA,
893,1992,NBA,Los Angeles Clippers,TRUE,LAC,
894,1992,NBA,Los Angeles Lakers,TRUE,LAL,
895,1992,NBA,Miami Heat,TRUE,MIA,
896,1992,NBA,Milwaukee Bucks,FALSE,MIL,
897,1992,NBA,Minnesota Timberwolves,FALSE,MIN,
898,1992,NBA,New Jersey Nets,TRUE,NJN,
899,1992,NBA,New York Knicks,TRUE,NYK,
900,1992,NBA,Orlando Magic,FALSE,ORL,
901,1992,NBA,Philadelphia 76ers,FALSE,PHI,
902,1992,NBA,Phoenix Suns,TRUE,PHO,
903,1992,NBA,Portland Trail Blazers,TRUE,POR,
904,1992,NBA,Sacramento Kings,FALSE,SAC,
905,1992,NBA,San Antonio Spurs,TRUE,SAS,
906,1992,NBA,Seattle SuperSonics,TRUE,SEA,
907,1992,NBA,Utah Jazz,TRUE,UTA,
908,1992,NBA,Washington Bullets,FALSE,WSB,
909,1991,NBA,Atlanta Hawks,TRUE,ATL,
910,1991,NBA,Boston Celtics,TRUE,BOS,
911,1991,NBA,Charlotte Hornets,FALSE,CHH,
912,1991,NBA,Chicago Bulls,TRUE,CHI,
913,1991,NBA,Cleveland Cavaliers,FALSE,CLE,
914,1991,NBA,Dallas Mavericks,FALSE,DAL,
915,1991,NBA,Denver Nuggets,FALSE,DEN,
916,1991,NBA,Detroit Pistons,TRUE,DET,
917,1991,NBA,Golden State Warriors,TRUE,GSW,
918,1991,NBA,Houston Rockets,TRUE,HOU,
919,1991,NBA,Indiana Pacers,TRUE,IND,
920,1991,NBA,League Average,FALSE,NA,
921,1991,NBA,Los Angeles Clippers,FALSE,LAC,
922,1991,NBA,Los Angeles Lakers,TRUE,LAL,
923,1991,NBA,Miami Heat,FALSE,MIA,
924,1991,NBA,Milwaukee Bucks,TRUE,MIL,
925,1991,NBA,Minnesota Timberwolves,FALSE,MIN,
926,1991,NBA,New Jersey Nets,FALSE,NJN,
927,1991,NBA,New York Knicks,TRUE,NYK,
928,1991,NBA,Orlando Magic,FALSE,ORL,
929,1991,NBA,Philadelphia 76ers,TRUE,PHI,
930,1991,NBA,Phoenix Suns,TRUE,PHO,
931,1991,NBA,Portland Trail Blazers,TRUE,POR,
932,1991,NBA,Sacramento Kings,FALSE,SAC,
933,1991,NBA,San Antonio Spurs,TRUE,SAS,
934,1991,NBA,Seattle SuperSonics,TRUE,SEA,
935,1991,NBA,Utah Jazz,TRUE,UTA,
936,1991,NBA,Washington Bullets,FALSE,WSB,
937,1990,NBA,Atlanta Hawks,FALSE,ATL,
938,1990,NBA,Boston Celtics,TRUE,BOS,
939,1990,NBA,Charlotte Hornets,FALSE,CHH,
940,1990,NBA,Chicago Bulls,TRUE,CHI,
941,1990,NBA,Cleveland Cavaliers,TRUE,CLE,
942,1990,NBA,Dallas Mavericks,TRUE,DAL,
943,1990,NBA,Denver Nuggets,TRUE,DEN,
944,1990,NBA,Detroit Pistons,TRUE,DET,
945,1990,NBA,Golden State Warriors,FALSE,GSW,
946,1990,NBA,Houston Rockets,TRUE,HOU,
947,1990,NBA,Indiana Pacers,TRUE,IND,
948,1990,NBA,League Average,FALSE,NA,
949,1990,NBA,Los Angeles Clippers,FALSE,LAC,
950,1990,NBA,Los Angeles Lakers,TRUE,LAL,
951,1990,NBA,Miami Heat,FALSE,MIA,
952,1990,NBA,Milwaukee Bucks,TRUE,MIL,
953,1990,NBA,Minnesota Timberwolves,FALSE,MIN,
954,1990,NBA,New Jersey Nets,FALSE,NJN,
955,1990,NBA,New York Knicks,TRUE,NYK,
956,1990,NBA,Orlando Magic,FALSE,ORL,
957,1990,NBA,Philadelphia 76ers,TRUE,PHI,
958,1990,NBA,Phoenix Suns,TRUE,PHO,
959,1990,NBA,Portland Trail Blazers,TRUE,POR,
960,1990,NBA,Sacramento Kings,FALSE,SAC,
961,1990,NBA,San Antonio Spurs,TRUE,SAS,
962,1990,NBA,Seattle SuperSonics,FALSE,SEA,
963,1990,NBA,Utah Jazz,TRUE,UTA,
964,1990,NBA,Washington Bullets,FALSE,WSB,
965,1989,NBA,Atlanta Hawks,TRUE,ATL,
966,1989,NBA,Boston Celtics,TRUE,BOS,
967,1989,NBA,Charlotte Hornets,FALSE,CHH,
968,1989,NBA,Chicago Bulls,TRUE,CHI,
969,1989,NBA,Cleveland Cavaliers,TRUE,CLE,
970,1989,NBA,Dallas Mavericks,FALSE,DAL,
971,1989,NBA,Denver Nuggets,TRUE,DEN,
972,1989,NBA,Detroit Pistons,TRUE,DET,
973,1989,NBA,Golden State Warriors,TRUE,GSW,
974,1989,NBA,Houston Rockets,TRUE,HOU,
975,1989,NBA,Indiana Pacers,FALSE,IND,
976,1989,NBA,League Average,FALSE,NA,
977,1989,NBA,Los Angeles Clippers,FALSE,LAC,
978,1989,NBA,Los Angeles Lakers,TRUE,LAL,
979,1989,NBA,Miami Heat,FALSE,MIA,
980,1989,NBA,Milwaukee Bucks,TRUE,MIL,
981,1989,NBA,New Jersey Nets,FALSE,NJN,
982,1989,NBA,New York Knicks,TRUE,NYK,
983,1989,NBA,Philadelphia 76ers,TRUE,PHI,
984,1989,NBA,Phoenix Suns,TRUE,PHO,
985,1989,NBA,Portland Trail Blazers,TRUE,POR,
986,1989,NBA,Sacramento Kings,FALSE,SAC,
987,1989,NBA,San Antonio Spurs,FALSE,SAS,
988,1989,NBA,Seattle SuperSonics,TRUE,SEA,
989,1989,NBA,Utah Jazz,TRUE,UTA,
990,1989,NBA,Washington Bullets,FALSE,WSB,
991,1988,NBA,Atlanta Hawks,TRUE,ATL,
992,1988,NBA,Boston Celtics,TRUE,BOS,
993,1988,NBA,Chicago Bulls,TRUE,CHI,
994,1988,NBA,Cleveland Cavaliers,TRUE,CLE,
995,1988,NBA,Dallas Mavericks,TRUE,DAL,
996,1988,NBA,Denver Nuggets,TRUE,DEN,
997,1988,NBA,Detroit Pistons,TRUE,DET,
998,1988,NBA,Golden State Warriors,FALSE,GSW,
999,1988,NBA,Houston Rockets,TRUE,HOU,
1000,1988,NBA,Indiana Pacers,FALSE,IND,
1001,1988,NBA,League Average,FALSE,NA,
1002,1988,NBA,Los Angeles Clippers,FALSE,LAC,
1003,1988,NBA,Los Angeles Lakers,TRUE,LAL,
1004,1988,NBA,Milwaukee Bucks,TRUE,MIL,
1005,1988,NBA,New Jersey Nets,FALSE,NJN,
1006,1988,NBA,New York Knicks,TRUE,NYK,
1007,1988,NBA,Philadelphia 76ers,FALSE,PHI,
1008,1988,NBA,Phoenix Suns,FALSE,PHO,
1009,1988,NBA,Portland Trail Blazers,TRUE,POR,
1010,1988,NBA,Sacramento Kings,FALSE,SAC,
1011,1988,NBA,San Antonio Spurs,TRUE,SAS,
1012,1988,NBA,Seattle SuperSonics,TRUE,SEA,
1013,1988,NBA,Utah Jazz,TRUE,UTA,
1014,1988,NBA,Washington Bullets,TRUE,WSB,
1015,1987,NBA,Atlanta Hawks,TRUE,ATL,
1016,1987,NBA,Boston Celtics,TRUE,BOS,
1017,1987,NBA,Chicago Bulls,TRUE,CHI,
1018,1987,NBA,Cleveland Cavaliers,FALSE,CLE,
1019,1987,NBA,Dallas Mavericks,TRUE,DAL,
1020,1987,NBA,Denver Nuggets,TRUE,DEN,
1021,1987,NBA,Detroit Pistons,TRUE,DET,
1022,1987,NBA,Golden State Warriors,TRUE,GSW,
1023,1987,NBA,Houston Rockets,TRUE,HOU,
1024,1987,NBA,Indiana Pacers,TRUE,IND,
1025,1987,NBA,League Average,FALSE,NA,
1026,1987,NBA,Los Angeles Clippers,FALSE,LAC,
1027,1987,NBA,Los Angeles Lakers,TRUE,LAL,
1028,1987,NBA,Milwaukee Bucks,TRUE,MIL,
1029,1987,NBA,New Jersey Nets,FALSE,NJN,
1030,1987,NBA,New York Knicks,FALSE,NYK,
1031,1987,NBA,Philadelphia 76ers,TRUE,PHI,
1032,1987,NBA,Phoenix Suns,FALSE,PHO,
1033,1987,NBA,Portland Trail Blazers,TRUE,POR,
1034,1987,NBA,Sacramento Kings,FALSE,SAC,
1035,1987,NBA,San Antonio Spurs,FALSE,SAS,
1036,1987,NBA,Seattle SuperSonics,TRUE,SEA,
1037,1987,NBA,Utah Jazz,TRUE,UTA,
1038,1987,NBA,Washington Bullets,TRUE,WSB,
1039,1986,NBA,Atlanta Hawks,TRUE,ATL,
1040,1986,NBA,Boston Celtics,TRUE,BOS,
1041,1986,NBA,Chicago Bulls,TRUE,CHI,
1042,1986,NBA,Cleveland Cavaliers,FALSE,CLE,
1043,1986,NBA,Dallas Mavericks,TRUE,DAL,
1044,1986,NBA,Denver Nuggets,TRUE,DEN,
1045,1986,NBA,Detroit Pistons,TRUE,DET,
1046,1986,NBA,Golden State Warriors,FALSE,GSW,
1047,1986,NBA,Houston Rockets,TRUE,HOU,
1048,1986,NBA,Indiana Pacers,FALSE,IND,
1049,1986,NBA,League Average,FALSE,NA,
1050,1986,NBA,Los Angeles Clippers,FALSE,LAC,
1051,1986,NBA,Los Angeles Lakers,TRUE,LAL,
1052,1986,NBA,Milwaukee Bucks,TRUE,MIL,
1053,1986,NBA,New Jersey Nets,TRUE,NJN,
1054,1986,NBA,New York Knicks,FALSE,NYK,
1055,1986,NBA,Philadelphia 76ers,TRUE,PHI,
1056,1986,NBA,Phoenix Suns,FALSE,PHO,
1057,1986,NBA,Portland Trail Blazers,TRUE,POR,
1058,1986,NBA,Sacramento Kings,TRUE,SAC,
1059,1986,NBA,San Antonio Spurs,TRUE,SAS,
1060,1986,NBA,Seattle SuperSonics,FALSE,SEA,
1061,1986,NBA,Utah Jazz,TRUE,UTA,
1062,1986,NBA,Washington Bullets,TRUE,WSB,
1063,1985,NBA,Atlanta Hawks,FALSE,ATL,
1064,1985,NBA,Boston Celtics,TRUE,BOS,
1065,1985,NBA,Chicago Bulls,TRUE,CHI,
1066,1985,NBA,Cleveland Cavaliers,TRUE,CLE,
1067,1985,NBA,Dallas Mavericks,TRUE,DAL,
1068,1985,NBA,Denver Nuggets,TRUE,DEN,
1069,1985,NBA,Detroit Pistons,TRUE,DET,
1070,1985,NBA,Golden State Warriors,FALSE,GSW,
1071,1985,NBA,Houston Rockets,TRUE,HOU,
1072,1985,NBA,Indiana Pacers,FALSE,IND,
1073,1985,NBA,Kansas City Kings,FALSE,KCK,
1074,1985,NBA,League Average,FALSE,NA,
1075,1985,NBA,Los Angeles Clippers,FALSE,LAC,
1076,1985,NBA,Los Angeles Lakers,TRUE,LAL,
1077,1985,NBA,Milwaukee Bucks,TRUE,MIL,
1078,1985,NBA,New Jersey Nets,TRUE,NJN,
1079,1985,NBA,New York Knicks,FALSE,NYK,
1080,1985,NBA,Philadelphia 76ers,TRUE,PHI,
1081,1985,NBA,Phoenix Suns,TRUE,PHO,
1082,1985,NBA,Portland Trail Blazers,TRUE,POR,
1083,1985,NBA,San Antonio Spurs,TRUE,SAS,
1084,1985,NBA,Seattle SuperSonics,FALSE,SEA,
1085,1985,NBA,Utah Jazz,TRUE,UTA,
1086,1985,NBA,Washington Bullets,TRUE,WSB,
1087,1984,NBA,Atlanta Hawks,TRUE,ATL,
1088,1984,NBA,Boston Celtics,TRUE,BOS,
1089,1984,NBA,Chicago Bulls,FALSE,CHI,
1090,1984,NBA,Cleveland Cavaliers,FALSE,CLE,
1091,1984,NBA,Dallas Mavericks,TRUE,DAL,
1092,1984,NBA,Denver Nuggets,TRUE,DEN,
1093,1984,NBA,Detroit Pistons,TRUE,DET,
1094,1984,NBA,Golden State Warriors,FALSE,GSW,
1095,1984,NBA,Houston Rockets,FALSE,HOU,
1096,1984,NBA,Indiana Pacers,FALSE,IND,
1097,1984,NBA,Kansas City Kings,TRUE,KCK,
1098,1984,NBA,League Average,FALSE,NA,
1099,1984,NBA,Los Angeles Lakers,TRUE,LAL,
1100,1984,NBA,Milwaukee Bucks,TRUE,MIL,
1101,1984,NBA,New Jersey Nets,TRUE,NJN,
1102,1984,NBA,New York Knicks,TRUE,NYK,
1103,1984,NBA,Philadelphia 76ers,TRUE,PHI,
1104,1984,NBA,Phoenix Suns,TRUE,PHO,
1105,1984,NBA,Portland Trail Blazers,TRUE,POR,
1106,1984,NBA,San Antonio Spurs,FALSE,SAS,
1107,1984,NBA,San Diego Clippers,FALSE,SDC,
1108,1984,NBA,Seattle SuperSonics,TRUE,SEA,
1109,1984,NBA,Utah Jazz,TRUE,UTA,
1110,1984,NBA,Washington Bullets,TRUE,WSB,
1111,1983,NBA,Atlanta Hawks,TRUE,ATL,
1112,1983,NBA,Boston Celtics,TRUE,BOS,
1113,1983,NBA,Chicago Bulls,FALSE,CHI,
1114,1983,NBA,Cleveland Cavaliers,FALSE,CLE,
1115,1983,NBA,Dallas Mavericks,FALSE,DAL,
1116,1983,NBA,Denver Nuggets,TRUE,DEN,
1117,1983,NBA,Detroit Pistons,FALSE,DET,
1118,1983,NBA,Golden State Warriors,FALSE,GSW,
1119,1983,NBA,Houston Rockets,FALSE,HOU,
1120,1983,NBA,Indiana Pacers,FALSE,IND,
1121,1983,NBA,Kansas City Kings,FALSE,KCK,
1122,1983,NBA,League Average,FALSE,NA,
1123,1983,NBA,Los Angeles Lakers,TRUE,LAL,
1124,1983,NBA,Milwaukee Bucks,TRUE,MIL,
1125,1983,NBA,New Jersey Nets,TRUE,NJN,
1126,1983,NBA,New York Knicks,TRUE,NYK,
1127,1983,NBA,Philadelphia 76ers,TRUE,PHI,
1128,1983,NBA,Phoenix Suns,TRUE,PHO,
1129,1983,NBA,Portland Trail Blazers,TRUE,POR,
1130,1983,NBA,San Antonio Spurs,TRUE,SAS,
1131,1983,NBA,San Diego Clippers,FALSE,SDC,
1132,1983,NBA,Seattle SuperSonics,TRUE,SEA,
1133,1983,NBA,Utah Jazz,FALSE,UTA,
1134,1983,NBA,Washington Bullets,FALSE,WSB,
1135,1982,NBA,Atlanta Hawks,TRUE,ATL,
1136,1982,NBA,Boston Celtics,TRUE,BOS,
1137,1982,NBA,Chicago Bulls,FALSE,CHI,
1138,1982,NBA,Cleveland Cavaliers,FALSE,CLE,
1139,1982,NBA,Dallas Mavericks,FALSE,DAL,
1140,1982,NBA,Denver Nuggets,TRUE,DEN,
1141,1982,NBA,Detroit Pistons,FALSE,DET,
1142,1982,NBA,Golden State Warriors,FALSE,GSW,
1143,1982,NBA,Houston Rockets,TRUE,HOU,
1144,1982,NBA,Indiana Pacers,FALSE,IND,
1145,1982,NBA,Kansas City Kings,FALSE,KCK,
1146,1982,NBA,League Average,FALSE,NA,
1147,1982,NBA,Los Angeles Lakers,TRUE,LAL,
1148,1982,NBA,Milwaukee Bucks,TRUE,MIL,
1149,1982,NBA,New Jersey Nets,TRUE,NJN,
1150,1982,NBA,New York Knicks,FALSE,NYK,
1151,1982,NBA,Philadelphia 76ers,TRUE,PHI,
1152,1982,NBA,Phoenix Suns,TRUE,PHO,
1153,1982,NBA,Portland Trail Blazers,FALSE,POR,
1154,1982,NBA,San Antonio Spurs,TRUE,SAS,
1155,1982,NBA,San Diego Clippers,FALSE,SDC,
1156,1982,NBA,Seattle SuperSonics,TRUE,SEA,
1157,1982,NBA,Utah Jazz,FALSE,UTA,
1158,1982,NBA,Washington Bullets,TRUE,WSB,
1159,1981,NBA,Atlanta Hawks,FALSE,ATL,
1160,1981,NBA,Boston Celtics,TRUE,BOS,
1161,1981,NBA,Chicago Bulls,TRUE,CHI,
1162,1981,NBA,Cleveland Cavaliers,FALSE,CLE,
1163,1981,NBA,Dallas Mavericks,FALSE,DAL,
1164,1981,NBA,Denver Nuggets,FALSE,DEN,
1165,1981,NBA,Detroit Pistons,FALSE,DET,
1166,1981,NBA,Golden State Warriors,FALSE,GSW,
1167,1981,NBA,Houston Rockets,TRUE,HOU,
1168,1981,NBA,Indiana Pacers,TRUE,IND,
1169,1981,NBA,Kansas City Kings,TRUE,KCK,
1170,1981,NBA,League Average,FALSE,NA,
1171,1981,NBA,Los Angeles Lakers,TRUE,LAL,
1172,1981,NBA,Milwaukee Bucks,TRUE,MIL,
1173,1981,NBA,New Jersey Nets,FALSE,NJN,
1174,1981,NBA,New York Knicks,TRUE,NYK,
1175,1981,NBA,Philadelphia 76ers,TRUE,PHI,
1176,1981,NBA,Phoenix Suns,TRUE,PHO,
1177,1981,NBA,Portland Trail Blazers,TRUE,POR,
1178,1981,NBA,San Antonio Spurs,TRUE,SAS,
1179,1981,NBA,San Diego Clippers,FALSE,SDC,
1180,1981,NBA,Seattle SuperSonics,FALSE,SEA,
1181,1981,NBA,Utah Jazz,FALSE,UTA,
1182,1981,NBA,Washington Bullets,FALSE,WSB,
1183,1980,NBA,Atlanta Hawks,TRUE,ATL,
1184,1980,NBA,Boston Celtics,TRUE,BOS,
1185,1980,NBA,Chicago Bulls,FALSE,CHI,
1186,1980,NBA,Cleveland Cavaliers,FALSE,CLE,
1187,1980,NBA,Denver Nuggets,FALSE,DEN,
1188,1980,NBA,Detroit Pistons,FALSE,DET,
1189,1980,NBA,Golden State Warriors,FALSE,GSW,
1190,1980,NBA,Houston Rockets,TRUE,HOU,
1191,1980,NBA,Indiana Pacers,FALSE,IND,
1192,1980,NBA,Kansas City Kings,TRUE,KCK,
1193,1980,NBA,League Average,FALSE,NA,
1194,1980,NBA,Los Angeles Lakers,TRUE,LAL,
1195,1980,NBA,Milwaukee Bucks,TRUE,MIL,
1196,1980,NBA,New Jersey Nets,FALSE,NJN,
1197,1980,NBA,New York Knicks,FALSE,NYK,
1198,1980,NBA,Philadelphia 76ers,TRUE,PHI,
1199,1980,NBA,Phoenix Suns,TRUE,PHO,
1200,1980,NBA,Portland Trail Blazers,TRUE,POR,
1201,1980,NBA,San Antonio Spurs,TRUE,SAS,
1202,1980,NBA,San Diego Clippers,FALSE,SDC,
1203,1980,NBA,Seattle SuperSonics,TRUE,SEA,
1204,1980,NBA,Utah Jazz,FALSE,UTA,
1205,1980,NBA,Washington Bullets,TRUE,WSB,
1206,1979,NBA,Atlanta Hawks,TRUE,ATL,
1207,1979,NBA,Boston Celtics,FALSE,BOS,
1208,1979,NBA,Chicago Bulls,FALSE,CHI,
1209,1979,NBA,Cleveland Cavaliers,FALSE,CLE,
1210,1979,NBA,Denver Nuggets,TRUE,DEN,
1211,1979,NBA,Detroit Pistons,FALSE,DET,
1212,1979,NBA,Golden State Warriors,FALSE,GSW,
1213,1979,NBA,Houston Rockets,TRUE,HOU,
1214,1979,NBA,Indiana Pacers,FALSE,IND,
1215,1979,NBA,Kansas City Kings,TRUE,KCK,
1216,1979,NBA,League Average,FALSE,NA,
1217,1979,NBA,Los Angeles Lakers,TRUE,LAL,
1218,1979,NBA,Milwaukee Bucks,FALSE,MIL,
1219,1979,NBA,New Jersey Nets,TRUE,NJN,
1220,1979,NBA,New Orleans Jazz,FALSE,NOJ,
1221,1979,NBA,New York Knicks,FALSE,NYK,
1222,1979,NBA,Philadelphia 76ers,TRUE,PHI,
1223,1979,NBA,Phoenix Suns,TRUE,PHO,
1224,1979,NBA,Portland Trail Blazers,TRUE,POR,
1225,1979,NBA,San Antonio Spurs,TRUE,SAS,
1226,1979,NBA,San Diego Clippers,FALSE,SDC,
1227,1979,NBA,Seattle SuperSonics,TRUE,SEA,
1228,1979,NBA,Washington Bullets,TRUE,WSB,
1229,1978,NBA,Atlanta Hawks,TRUE,ATL,
1230,1978,NBA,Boston Celtics,FALSE,BOS,
1231,1978,NBA,Buffalo Braves,FALSE,BUF,
1232,1978,NBA,Chicago Bulls,FALSE,CHI,
1233,1978,NBA,Cleveland Cavaliers,TRUE,CLE,
1234,1978,NBA,Denver Nuggets,TRUE,DEN,
1235,1978,NBA,Detroit Pistons,FALSE,DET,
1236,1978,NBA,Golden State Warriors,FALSE,GSW,
1237,1978,NBA,Houston Rockets,FALSE,HOU,
1238,1978,NBA,Indiana Pacers,FALSE,IND,
1239,1978,NBA,Kansas City Kings,FALSE,KCK,
1240,1978,NBA,League Average,FALSE,NA,
1241,1978,NBA,Los Angeles Lakers,TRUE,LAL,
1242,1978,NBA,Milwaukee Bucks,TRUE,MIL,
1243,1978,NBA,New Jersey Nets,FALSE,NJN,
1244,1978,NBA,New Orleans Jazz,FALSE,NOJ,
1245,1978,NBA,New York Knicks,TRUE,NYK,
1246,1978,NBA,Philadelphia 76ers,TRUE,PHI,
1247,1978,NBA,Phoenix Suns,TRUE,PHO,
1248,1978,NBA,Portland Trail Blazers,TRUE,POR,
1249,1978,NBA,San Antonio Spurs,TRUE,SAS,
1250,1978,NBA,Seattle SuperSonics,TRUE,SEA,
1251,1978,NBA,Washington Bullets,TRUE,WSB,
1252,1977,NBA,Atlanta Hawks,FALSE,ATL,
1253,1977,NBA,Boston Celtics,TRUE,BOS,
1254,1977,NBA,Buffalo Braves,FALSE,BUF,
1255,1977,NBA,Chicago Bulls,TRUE,CHI,
1256,1977,NBA,Cleveland Cavaliers,TRUE,CLE,
1257,1977,NBA,Denver Nuggets,TRUE,DEN,
1258,1977,NBA,Detroit Pistons,TRUE,DET,
1259,1977,NBA,Golden State Warriors,TRUE,GSW,
1260,1977,NBA,Houston Rockets,TRUE,HOU,
1261,1977,NBA,Indiana Pacers,FALSE,IND,
1262,1977,NBA,Kansas City Kings,FALSE,KCK,
1263,1977,NBA,League Average,FALSE,NA,
1264,1977,NBA,Los Angeles Lakers,TRUE,LAL,
1265,1977,NBA,Milwaukee Bucks,FALSE,MIL,
1266,1977,NBA,New Orleans Jazz,FALSE,NOJ,
1267,1977,NBA,New York Knicks,FALSE,NYK,
1268,1977,NBA,New York Nets,FALSE,NYN,
1269,1977,NBA,Philadelphia 76ers,TRUE,PHI,
1270,1977,NBA,Phoenix Suns,FALSE,PHO,
1271,1977,NBA,Portland Trail Blazers,TRUE,POR,
1272,1977,NBA,San Antonio Spurs,TRUE,SAS,
1273,1977,NBA,Seattle SuperSonics,FALSE,SEA,
1274,1977,NBA,Washington Bullets,TRUE,WSB,
1275,1976,NBA,Atlanta Hawks,FALSE,ATL,
1276,1976,NBA,Boston Celtics,TRUE,BOS,
1277,1976,NBA,Buffalo Braves,TRUE,BUF,
1278,1976,NBA,Chicago Bulls,FALSE,CHI,
1279,1976,NBA,Cleveland Cavaliers,TRUE,CLE,
1280,1976,ABA,Denver Nuggets,TRUE,DNA,
1281,1976,NBA,Detroit Pistons,TRUE,DET,
1282,1976,NBA,Golden State Warriors,TRUE,GSW,
1283,1976,NBA,Houston Rockets,FALSE,HOU,
1284,1976,ABA,Indiana Pacers,TRUE,INA,
1285,1976,NBA,Kansas City Kings,FALSE,KCK,
1286,1976,ABA,Kentucky Colonels,TRUE,KEN,
1287,1976,NBA,League Average,FALSE,NA,
1288,1976,ABA,League Average,FALSE,NA,
1289,1976,NBA,Los Angeles Lakers,FALSE,LAL,
1290,1976,NBA,Milwaukee Bucks,TRUE,MIL,
1291,1976,NBA,New Orleans Jazz,FALSE,NOJ,
1292,1976,NBA,New York Knicks,FALSE,NYK,
1293,1976,ABA,New York Nets,TRUE,NYA,
1294,1976,NBA,Philadelphia 76ers,TRUE,PHI,
1295,1976,NBA,Phoenix Suns,TRUE,PHO,
1296,1976,NBA,Portland Trail Blazers,FALSE,POR,
1297,1976,ABA,San Antonio Spurs,TRUE,SAA,
1298,1976,ABA,San Diego Sails,FALSE,SDS,
1299,1976,NBA,Seattle SuperSonics,TRUE,SEA,
1300,1976,ABA,Spirits of St. Louis,FALSE,SSL,
1301,1976,ABA,Utah Stars,FALSE,UTS,
1302,1976,ABA,Virginia Squires,FALSE,VIR,
1303,1976,NBA,Washington Bullets,TRUE,WSB,
1304,1975,NBA,Atlanta Hawks,FALSE,ATL,
1305,1975,NBA,Boston Celtics,TRUE,BOS,
1306,1975,NBA,Buffalo Braves,TRUE,BUF,
1307,1975,NBA,Chicago Bulls,TRUE,CHI,
1308,1975,NBA,Cleveland Cavaliers,FALSE,CLE,
1309,1975,ABA,Denver Nuggets,TRUE,DNA,
1310,1975,NBA,Detroit Pistons,TRUE,DET,
1311,1975,NBA,Golden State Warriors,TRUE,GSW,
1312,1975,NBA,Houston Rockets,TRUE,HOU,
1313,1975,ABA,Indiana Pacers,TRUE,INA,
1314,1975,NBA,Kansas City-Omaha Kings,TRUE,KCO,
1315,1975,ABA,Kentucky Colonels,TRUE,KEN,
1316,1975,NBA,League Average,FALSE,NA,
1317,1975,ABA,League Average,FALSE,NA,
1318,1975,NBA,Los Angeles Lakers,FALSE,LAL,
1319,1975,ABA,Memphis Sounds,TRUE,MMS,
1320,1975,NBA,Milwaukee Bucks,FALSE,MIL,
1321,1975,NBA,New Orleans Jazz,FALSE,NOJ,
1322,1975,NBA,New York Knicks,TRUE,NYK,
1323,1975,ABA,New York Nets,TRUE,NYA,
1324,1975,NBA,Philadelphia 76ers,FALSE,PHI,
1325,1975,NBA,Phoenix Suns,FALSE,PHO,
1326,1975,NBA,Portland Trail Blazers,FALSE,POR,
1327,1975,ABA,San Antonio Spurs,TRUE,SAA,
1328,1975,ABA,San Diego Conquistadors,FALSE,SDA,
1329,1975,NBA,Seattle SuperSonics,TRUE,SEA,
1330,1975,ABA,Spirits of St. Louis,TRUE,SSL,
1331,1975,ABA,Utah Stars,TRUE,UTS,
1332,1975,ABA,Virginia Squires,FALSE,VIR,
1333,1975,NBA,Washington Bullets,TRUE,WSB,
1334,1974,NBA,Atlanta Hawks,FALSE,ATL,
1335,1974,NBA,Boston Celtics,TRUE,BOS,
1336,1974,NBA,Buffalo Braves,TRUE,BUF,
1337,1974,NBA,Capital Bullets,TRUE,CAP,
1338,1974,ABA,Carolina Cougars,TRUE,CAR,
1339,1974,NBA,Chicago Bulls,TRUE,CHI,
1340,1974,NBA,Cleveland Cavaliers,FALSE,CLE,
1341,1974,ABA,Denver Rockets,TRUE,DNR,
1342,1974,NBA,Detroit Pistons,TRUE,DET,
1343,1974,NBA,Golden State Warriors,FALSE,GSW,
1344,1974,NBA,Houston Rockets,FALSE,HOU,
1345,1974,ABA,Indiana Pacers,TRUE,INA,
1346,1974,NBA,Kansas City-Omaha Kings,FALSE,KCO,
1347,1974,ABA,Kentucky Colonels,TRUE,KEN,
1348,1974,NBA,League Average,FALSE,NA,
1349,1974,ABA,League Average,FALSE,NA,
1350,1974,NBA,Los Angeles Lakers,TRUE,LAL,
1351,1974,ABA,Memphis Tams,FALSE,MMT,
1352,1974,NBA,Milwaukee Bucks,TRUE,MIL,
1353,1974,NBA,New York Knicks,TRUE,NYK,
1354,1974,ABA,New York Nets,TRUE,NYA,
1355,1974,NBA,Philadelphia 76ers,FALSE,PHI,
1356,1974,NBA,Phoenix Suns,FALSE,PHO,
1357,1974,NBA,Portland Trail Blazers,FALSE,POR,
1358,1974,ABA,San Antonio Spurs,TRUE,SAA,
1359,1974,ABA,San Diego Conquistadors,TRUE,SDA,
1360,1974,NBA,Seattle SuperSonics,FALSE,SEA,
1361,1974,ABA,Utah Stars,TRUE,UTS,
1362,1974,ABA,Virginia Squires,TRUE,VIR,
1363,1973,NBA,Atlanta Hawks,TRUE,ATL,
1364,1973,NBA,Baltimore Bullets,TRUE,BAL,
1365,1973,NBA,Boston Celtics,TRUE,BOS,
1366,1973,NBA,Buffalo Braves,FALSE,BUF,
1367,1973,ABA,Carolina Cougars,TRUE,CAR,
1368,1973,NBA,Chicago Bulls,TRUE,CHI,
1369,1973,NBA,Cleveland Cavaliers,FALSE,CLE,
1370,1973,ABA,Dallas Chaparrals,FALSE,DLC,
1371,1973,ABA,Denver Rockets,TRUE,DNR,
1372,1973,NBA,Detroit Pistons,FALSE,DET,
1373,1973,NBA,Golden State Warriors,TRUE,GSW,
1374,1973,NBA,Houston Rockets,FALSE,HOU,
1375,1973,ABA,Indiana Pacers,TRUE,INA,
1376,1973,NBA,Kansas City-Omaha Kings,FALSE,KCO,
1377,1973,ABA,Kentucky Colonels,TRUE,KEN,
1378,1973,NBA,League Average,FALSE,NA,
1379,1973,ABA,League Average,FALSE,NA,
1380,1973,NBA,Los Angeles Lakers,TRUE,LAL,
1381,1973,ABA,Memphis Tams,FALSE,MMT,
1382,1973,NBA,Milwaukee Bucks,TRUE,MIL,
1383,1973,NBA,New York Knicks,TRUE,NYK,
1384,1973,ABA,New York Nets,TRUE,NYA,
1385,1973,NBA,Philadelphia 76ers,FALSE,PHI,
1386,1973,NBA,Phoenix Suns,FALSE,PHO,
1387,1973,NBA,Portland Trail Blazers,FALSE,POR,
1388,1973,ABA,San Diego Conquistadors,TRUE,SDA,
1389,1973,NBA,Seattle SuperSonics,FALSE,SEA,
1390,1973,ABA,Utah Stars,TRUE,UTS,
1391,1973,ABA,Virginia Squires,TRUE,VIR,
1392,1972,NBA,Atlanta Hawks,TRUE,ATL,
1393,1972,NBA,Baltimore Bullets,TRUE,BAL,
1394,1972,NBA,Boston Celtics,TRUE,BOS,
1395,1972,NBA,Buffalo Braves,FALSE,BUF,
1396,1972,ABA,Carolina Cougars,FALSE,CAR,
1397,1972,NBA,Chicago Bulls,TRUE,CHI,
1398,1972,NBA,Cincinnati Royals,FALSE,CIN,
1399,1972,NBA,Cleveland Cavaliers,FALSE,CLE,
1400,1972,ABA,Dallas Chaparrals,TRUE,DLC,
1401,1972,ABA,Denver Rockets,TRUE,DNR,
1402,1972,NBA,Detroit Pistons,FALSE,DET,
1403,1972,NBA,Golden State Warriors,TRUE,GSW,
1404,1972,NBA,Houston Rockets,FALSE,HOU,
1405,1972,ABA,Indiana Pacers,TRUE,INA,
1406,1972,ABA,Kentucky Colonels,TRUE,KEN,
1407,1972,NBA,League Average,FALSE,NA,
1408,1972,ABA,League Average,FALSE,NA,
1409,1972,NBA,Los Angeles Lakers,TRUE,LAL,
1410,1972,ABA,Memphis Pros,FALSE,MMP,
1411,1972,NBA,Milwaukee Bucks,TRUE,MIL,
1412,1972,NBA,New York Knicks,TRUE,NYK,
1413,1972,ABA,New York Nets,TRUE,NYA,
1414,1972,NBA,Philadelphia 76ers,FALSE,PHI,
1415,1972,NBA,Phoenix Suns,FALSE,PHO,
1416,1972,ABA,Pittsburgh Condors,FALSE,PTC,
1417,1972,NBA,Portland Trail Blazers,FALSE,POR,
1418,1972,NBA,Seattle SuperSonics,FALSE,SEA,
1419,1972,ABA,The Floridians,TRUE,FLO,
1420,1972,ABA,Utah Stars,TRUE,UTS,
1421,1972,ABA,Virginia Squires,TRUE,VIR,
1422,1971,NBA,Atlanta Hawks,TRUE,ATL,
1423,1971,NBA,Baltimore Bullets,TRUE,BAL,
1424,1971,NBA,Boston Celtics,FALSE,BOS,
1425,1971,NBA,Buffalo Braves,FALSE,BUF,
1426,1971,ABA,Carolina Cougars,FALSE,CAR,
1427,1971,NBA,Chicago Bulls,TRUE,CHI,
1428,1971,NBA,Cincinnati Royals,FALSE,CIN,
1429,1971,NBA,Cleveland Cavaliers,FALSE,CLE,
1430,1971,ABA,Denver Rockets,TRUE,DNR,
1431,1971,NBA,Detroit Pistons,FALSE,DET,
1432,1971,ABA,Indiana Pacers,TRUE,INA,
1433,1971,ABA,Kentucky Colonels,TRUE,KEN,
1434,1971,NBA,League Average,FALSE,NA,
1435,1971,ABA,League Average,FALSE,NA,
1436,1971,NBA,Los Angeles Lakers,TRUE,LAL,
1437,1971,ABA,Memphis Pros,TRUE,MMP,
1438,1971,NBA,Milwaukee Bucks,TRUE,MIL,
1439,1971,NBA,New York Knicks,TRUE,NYK,
1440,1971,ABA,New York Nets,TRUE,NYA,
1441,1971,NBA,Philadelphia 76ers,TRUE,PHI,
1442,1971,NBA,Phoenix Suns,FALSE,PHO,
1443,1971,ABA,Pittsburgh Condors,FALSE,PTC,
1444,1971,NBA,Portland Trail Blazers,FALSE,POR,
1445,1971,NBA,San Diego Rockets,FALSE,SDR,
1446,1971,NBA,San Francisco Warriors,TRUE,SFW,
1447,1971,NBA,Seattle SuperSonics,FALSE,SEA,
1448,1971,ABA,Texas Chaparrals,TRUE,TEX,
1449,1971,ABA,The Floridians,TRUE,FLO,
1450,1971,ABA,Utah Stars,TRUE,UTS,
1451,1971,ABA,Virginia Squires,TRUE,VIR,
1452,1970,NBA,Atlanta Hawks,TRUE,ATL,
1453,1970,NBA,Baltimore Bullets,TRUE,BAL,
1454,1970,NBA,Boston Celtics,FALSE,BOS,
1455,1970,ABA,Carolina Cougars,TRUE,CAR,
1456,1970,NBA,Chicago Bulls,TRUE,CHI,
1457,1970,NBA,Cincinnati Royals,FALSE,CIN,
1458,1970,ABA,Dallas Chaparrals,TRUE,DLC,
1459,1970,ABA,Denver Rockets,TRUE,DNR,
1460,1970,NBA,Detroit Pistons,FALSE,DET,
1461,1970,ABA,Indiana Pacers,TRUE,INA,
1462,1970,ABA,Kentucky Colonels,TRUE,KEN,
1463,1970,NBA,League Average,FALSE,NA,
1464,1970,ABA,League Average,FALSE,NA,
1465,1970,NBA,Los Angeles Lakers,TRUE,LAL,
1466,1970,ABA,Los Angeles Stars,TRUE,LAS,
1467,1970,ABA,Miami Floridians,FALSE,MMF,
1468,1970,NBA,Milwaukee Bucks,TRUE,MIL,
1469,1970,ABA,New Orleans Buccaneers,FALSE,NOB,
1470,1970,NBA,New York Knicks,TRUE,NYK,
1471,1970,ABA,New York Nets,TRUE,NYA,
1472,1970,NBA,Philadelphia 76ers,TRUE,PHI,
1473,1970,NBA,Phoenix Suns,TRUE,PHO,
1474,1970,ABA,Pittsburgh Pipers,FALSE,PTP,
1475,1970,NBA,San Diego Rockets,FALSE,SDR,
1476,1970,NBA,San Francisco Warriors,FALSE,SFW,
1477,1970,NBA,Seattle SuperSonics,FALSE,SEA,
1478,1970,ABA,Washington Capitols,TRUE,WSA,
1479,1969,NBA,Atlanta Hawks,TRUE,ATL,
1480,1969,NBA,Baltimore Bullets,TRUE,BAL,
1481,1969,NBA,Boston Celtics,TRUE,BOS,
1482,1969,NBA,Chicago Bulls,FALSE,CHI,
1483,1969,NBA,Cincinnati Royals,FALSE,CIN,
1484,1969,ABA,Dallas Chaparrals,TRUE,DLC,
1485,1969,ABA,Denver Rockets,TRUE,DNR,
1486,1969,NBA,Detroit Pistons,FALSE,DET,
1487,1969,ABA,Houston Mavericks,FALSE,HSM,
1488,1969,ABA,Indiana Pacers,TRUE,INA,
1489,1969,ABA,Kentucky Colonels,TRUE,KEN,
1490,1969,NBA,League Average,FALSE,NA,
1491,1969,ABA,League Average,FALSE,NA,
1492,1969,NBA,Los Angeles Lakers,TRUE,LAL,
1493,1969,ABA,Los Angeles Stars,FALSE,LAS,
1494,1969,ABA,Miami Floridians,TRUE,MMF,
1495,1969,NBA,Milwaukee Bucks,FALSE,MIL,
1496,1969,ABA,Minnesota Pipers,TRUE,MNP,
1497,1969,ABA,New Orleans Buccaneers,TRUE,NOB,
1498,1969,NBA,New York Knicks,TRUE,NYK,
1499,1969,ABA,New York Nets,FALSE,NYA,
1500,1969,ABA,Oakland Oaks,TRUE,OAK,
1501,1969,NBA,Philadelphia 76ers,TRUE,PHI,
1502,1969,NBA,Phoenix Suns,FALSE,PHO,
1503,1969,NBA,San Diego Rockets,TRUE,SDR,
1504,1969,NBA,San Francisco Warriors,TRUE,SFW,
1505,1969,NBA,Seattle SuperSonics,FALSE,SEA,
1506,1968,ABA,Anaheim Amigos,FALSE,ANA,
1507,1968,NBA,Baltimore Bullets,FALSE,BAL,
1508,1968,NBA,Boston Celtics,TRUE,BOS,
1509,1968,NBA,Chicago Bulls,TRUE,CHI,
1510,1968,NBA,Cincinnati Royals,FALSE,CIN,
1511,1968,ABA,Dallas Chaparrals,TRUE,DLC,
1512,1968,ABA,Denver Rockets,TRUE,DNR,
1513,1968,NBA,Detroit Pistons,TRUE,DET,
1514,1968,ABA,Houston Mavericks,TRUE,HSM,
1515,1968,ABA,Indiana Pacers,TRUE,INA,
1516,1968,ABA,Kentucky Colonels,TRUE,KEN,
1517,1968,NBA,League Average,FALSE,NA,
1518,1968,ABA,League Average,FALSE,NA,
1519,1968,NBA,Los Angeles Lakers,TRUE,LAL,
1520,1968,ABA,Minnesota Muskies,TRUE,MNM,
1521,1968,ABA,New Jersey Americans,FALSE,NJA,
1522,1968,ABA,New Orleans Buccaneers,TRUE,NOB,
1523,1968,NBA,New York Knicks,TRUE,NYK,
1524,1968,ABA,Oakland Oaks,FALSE,OAK,
1525,1968,NBA,Philadelphia 76ers,TRUE,PHI,
1526,1968,ABA,Pittsburgh Pipers,TRUE,PTP,
1527,1968,NBA,San Diego Rockets,FALSE,SDR,
1528,1968,NBA,San Francisco Warriors,TRUE,SFW,
1529,1968,NBA,Seattle SuperSonics,FALSE,SEA,
1530,1968,NBA,St. Louis Hawks,TRUE,STL,
1531,1967,NBA,Baltimore Bullets,FALSE,BAL,
1532,1967,NBA,Boston Celtics,TRUE,BOS,
1533,1967,NBA,Chicago Bulls,TRUE,CHI,
1534,1967,NBA,Cincinnati Royals,TRUE,CIN,
1535,1967,NBA,Detroit Pistons,FALSE,DET,
1536,1967,NBA,League Average,FALSE,NA,
1537,1967,NBA,Los Angeles Lakers,TRUE,LAL,
1538,1967,NBA,New York Knicks,TRUE,NYK,
1539,1967,NBA,Philadelphia 76ers,TRUE,PHI,
1540,1967,NBA,San Francisco Warriors,TRUE,SFW,
1541,1967,NBA,St. Louis Hawks,TRUE,STL,
1542,1966,NBA,Baltimore Bullets,TRUE,BAL,
1543,1966,NBA,Boston Celtics,TRUE,BOS,
1544,1966,NBA,Cincinnati Royals,TRUE,CIN,
1545,1966,NBA,Detroit Pistons,FALSE,DET,
1546,1966,NBA,League Average,FALSE,NA,
1547,1966,NBA,Los Angeles Lakers,TRUE,LAL,
1548,1966,NBA,New York Knicks,FALSE,NYK,
1549,1966,NBA,Philadelphia 76ers,TRUE,PHI,
1550,1966,NBA,San Francisco Warriors,FALSE,SFW,
1551,1966,NBA,St. Louis Hawks,TRUE,STL,
1552,1965,NBA,Baltimore Bullets,TRUE,BAL,
1553,1965,NBA,Boston Celtics,TRUE,BOS,
1554,1965,NBA,Cincinnati Royals,TRUE,CIN,
1555,1965,NBA,Detroit Pistons,FALSE,DET,
1556,1965,NBA,League Average,FALSE,NA,
1557,1965,NBA,Los Angeles Lakers,TRUE,LAL,
1558,1965,NBA,New York Knicks,FALSE,NYK,
1559,1965,NBA,Philadelphia 76ers,TRUE,PHI,
1560,1965,NBA,San Francisco Warriors,FALSE,SFW,
1561,1965,NBA,St. Louis Hawks,TRUE,STL,
1562,1964,NBA,Baltimore Bullets,FALSE,BAL,
1563,1964,NBA,Boston Celtics,TRUE,BOS,
1564,1964,NBA,Cincinnati Royals,TRUE,CIN,
1565,1964,NBA,Detroit Pistons,FALSE,DET,
1566,1964,NBA,League Average,FALSE,NA,
1567,1964,NBA,Los Angeles Lakers,TRUE,LAL,
1568,1964,NBA,New York Knicks,FALSE,NYK,
1569,1964,NBA,Philadelphia 76ers,TRUE,PHI,
1570,1964,NBA,San Francisco Warriors,TRUE,SFW,
1571,1964,NBA,St. Louis Hawks,TRUE,STL,
1572,1963,NBA,Boston Celtics,TRUE,BOS,
1573,1963,NBA,Chicago Zephyrs,FALSE,CHZ,
1574,1963,NBA,Cincinnati Royals,TRUE,CIN,
1575,1963,NBA,Detroit Pistons,TRUE,DET,
1576,1963,NBA,League Average,FALSE,NA,
1577,1963,NBA,Los Angeles Lakers,TRUE,LAL,
1578,1963,NBA,New York Knicks,FALSE,NYK,
1579,1963,NBA,San Francisco Warriors,FALSE,SFW,
1580,1963,NBA,St. Louis Hawks,TRUE,STL,
1581,1963,NBA,Syracuse Nationals,TRUE,SYR,
1582,1962,NBA,Boston Celtics,TRUE,BOS,
1583,1962,NBA,Chicago Packers,FALSE,CHP,
1584,1962,NBA,Cincinnati Royals,TRUE,CIN,
1585,1962,NBA,Detroit Pistons,TRUE,DET,
1586,1962,NBA,League Average,FALSE,NA,
1587,1962,NBA,Los Angeles Lakers,TRUE,LAL,
1588,1962,NBA,New York Knicks,FALSE,NYK,
1589,1962,NBA,Philadelphia Warriors,TRUE,PHW,
1590,1962,NBA,St. Louis Hawks,FALSE,STL,
1591,1962,NBA,Syracuse Nationals,TRUE,SYR,
1592,1961,NBA,Boston Celtics,TRUE,BOS,
1593,1961,NBA,Cincinnati Royals,FALSE,CIN,
1594,1961,NBA,Detroit Pistons,TRUE,DET,
1595,1961,NBA,League Average,FALSE,NA,
1596,1961,NBA,Los Angeles Lakers,TRUE,LAL,
1597,1961,NBA,New York Knicks,FALSE,NYK,
1598,1961,NBA,Philadelphia Warriors,TRUE,PHW,
1599,1961,NBA,St. Louis Hawks,TRUE,STL,
1600,1961,NBA,Syracuse Nationals,TRUE,SYR,
1601,1960,NBA,Boston Celtics,TRUE,BOS,
1602,1960,NBA,Cincinnati Royals,FALSE,CIN,
1603,1960,NBA,Detroit Pistons,TRUE,DET,
1604,1960,NBA,League Average,FALSE,NA,
1605,1960,NBA,Minneapolis Lakers,TRUE,MNL,
1606,1960,NBA,New York Knicks,FALSE,NYK,
1607,1960,NBA,Philadelphia Warriors,TRUE,PHW,
1608,1960,NBA,St. Louis Hawks,TRUE,STL,
1609,1960,NBA,Syracuse Nationals,TRUE,SYR,
1610,1959,NBA,Boston Celtics,TRUE,BOS,
1611,1959,NBA,Cincinnati Royals,FALSE,CIN,
1612,1959,NBA,Detroit Pistons,TRUE,DET,
1613,1959,NBA,League Average,FALSE,NA,
1614,1959,NBA,Minneapolis Lakers,TRUE,MNL,
1615,1959,NBA,New York Knicks,TRUE,NYK,
1616,1959,NBA,Philadelphia Warriors,FALSE,PHW,
1617,1959,NBA,St. Louis Hawks,TRUE,STL,
1618,1959,NBA,Syracuse Nationals,TRUE,SYR,
1619,1958,NBA,Boston Celtics,TRUE,BOS,
1620,1958,NBA,Cincinnati Royals,TRUE,CIN,
1621,1958,NBA,Detroit Pistons,TRUE,DET,
1622,1958,NBA,League Average,FALSE,NA,
1623,1958,NBA,Minneapolis Lakers,FALSE,MNL,
1624,1958,NBA,New York Knicks,FALSE,NYK,
1625,1958,NBA,Philadelphia Warriors,TRUE,PHW,
1626,1958,NBA,St. Louis Hawks,TRUE,STL,
1627,1958,NBA,Syracuse Nationals,TRUE,SYR,
1628,1957,NBA,Boston Celtics,TRUE,BOS,
1629,1957,NBA,Fort Wayne Pistons,TRUE,FTW,
1630,1957,NBA,League Average,FALSE,NA,
1631,1957,NBA,Minneapolis Lakers,TRUE,MNL,
1632,1957,NBA,New York Knicks,FALSE,NYK,
1633,1957,NBA,Philadelphia Warriors,TRUE,PHW,
1634,1957,NBA,Rochester Royals,FALSE,ROC,
1635,1957,NBA,St. Louis Hawks,TRUE,STL,
1636,1957,NBA,Syracuse Nationals,TRUE,SYR,
1637,1956,NBA,Boston Celtics,TRUE,BOS,
1638,1956,NBA,Fort Wayne Pistons,TRUE,FTW,
1639,1956,NBA,League Average,FALSE,NA,
1640,1956,NBA,Minneapolis Lakers,TRUE,MNL,
1641,1956,NBA,New York Knicks,TRUE,NYK,
1642,1956,NBA,Philadelphia Warriors,TRUE,PHW,
1643,1956,NBA,Rochester Royals,FALSE,ROC,
1644,1956,NBA,St. Louis Hawks,TRUE,STL,
1645,1956,NBA,Syracuse Nationals,TRUE,SYR,
1646,1955,NBA,Baltimore Bullets,FALSE,BLB,
1647,1955,NBA,Boston Celtics,TRUE,BOS,
1648,1955,NBA,Fort Wayne Pistons,TRUE,FTW,
1649,1955,NBA,League Average,FALSE,NA,
1650,1955,NBA,Milwaukee Hawks,FALSE,MLH,
1651,1955,NBA,Minneapolis Lakers,TRUE,MNL,
1652,1955,NBA,New York Knicks,TRUE,NYK,
1653,1955,NBA,Philadelphia Warriors,FALSE,PHW,
1654,1955,NBA,Rochester Royals,TRUE,ROC,
1655,1955,NBA,Syracuse Nationals,TRUE,SYR,
1656,1954,NBA,Baltimore Bullets,FALSE,BLB,
1657,1954,NBA,Boston Celtics,TRUE,BOS,
1658,1954,NBA,Fort Wayne Pistons,TRUE,FTW,
1659,1954,NBA,League Average,FALSE,NA,
1660,1954,NBA,Milwaukee Hawks,FALSE,MLH,
1661,1954,NBA,Minneapolis Lakers,TRUE,MNL,
1662,1954,NBA,New York Knicks,TRUE,NYK,
1663,1954,NBA,Philadelphia Warriors,FALSE,PHW,
1664,1954,NBA,Rochester Royals,TRUE,ROC,
1665,1954,NBA,Syracuse Nationals,TRUE,SYR,
1666,1953,NBA,Baltimore Bullets,TRUE,BLB,
1667,1953,NBA,Boston Celtics,TRUE,BOS,
1668,1953,NBA,Fort Wayne Pistons,TRUE,FTW,
1669,1953,NBA,Indianapolis Olympians,TRUE,INO,
1670,1953,NBA,League Average,FALSE,NA,
1671,1953,NBA,Milwaukee Hawks,FALSE,MLH,
1672,1953,NBA,Minneapolis Lakers,TRUE,MNL,
1673,1953,NBA,New York Knicks,TRUE,NYK,
1674,1953,NBA,Philadelphia Warriors,FALSE,PHW,
1675,1953,NBA,Rochester Royals,TRUE,ROC,
1676,1953,NBA,Syracuse Nationals,TRUE,SYR,
1677,1952,NBA,Baltimore Bullets,FALSE,BLB,
1678,1952,NBA,Boston Celtics,TRUE,BOS,
1679,1952,NBA,Fort Wayne Pistons,TRUE,FTW,
1680,1952,NBA,Indianapolis Olympians,TRUE,INO,
1681,1952,NBA,League Average,FALSE,NA,
1682,1952,NBA,Milwaukee Hawks,FALSE,MLH,
1683,1952,NBA,Minneapolis Lakers,TRUE,MNL,
1684,1952,NBA,New York Knicks,TRUE,NYK,
1685,1952,NBA,Philadelphia Warriors,TRUE,PHW,
1686,1952,NBA,Rochester Royals,TRUE,ROC,
1687,1952,NBA,Syracuse Nationals,TRUE,SYR,
1688,1951,NBA,Baltimore Bullets,FALSE,BLB,
1689,1951,NBA,Boston Celtics,TRUE,BOS,
1690,1951,NBA,Fort Wayne Pistons,TRUE,FTW,
1691,1951,NBA,Indianapolis Olympians,TRUE,INO,
1692,1951,NBA,League Average,FALSE,NA,
1693,1951,NBA,Minneapolis Lakers,TRUE,MNL,
1694,1951,NBA,New York Knicks,TRUE,NYK,
1695,1951,NBA,Philadelphia Warriors,TRUE,PHW,
1696,1951,NBA,Rochester Royals,TRUE,ROC,
1697,1951,NBA,Syracuse Nationals,TRUE,SYR,
1698,1951,NBA,Tri-Cities Blackhawks,FALSE,TRI,
1699,1951,NBA,Washington Capitols,FALSE,WSC,
1700,1950,NBA,Anderson Packers,TRUE,AND,
1701,1950,NBA,Baltimore Bullets,FALSE,BLB,
1702,1950,NBA,Boston Celtics,FALSE,BOS,
1703,1950,NBA,Chicago Stags,TRUE,CHS,
1704,1950,NBA,Denver Nuggets,FALSE,DNN,
1705,1950,NBA,Fort Wayne Pistons,TRUE,FTW,
1706,1950,NBA,Indianapolis Olympians,TRUE,INO,
1707,1950,NBA,League Average,FALSE,NA,
1708,1950,NBA,Minneapolis Lakers,TRUE,MNL,
1709,1950,NBA,New York Knicks,TRUE,NYK,
1710,1950,NBA,Philadelphia Warriors,TRUE,PHW,
1711,1950,NBA,Rochester Royals,TRUE,ROC,
1712,1950,NBA,Sheboygan Red Skins,TRUE,SHE,
1713,1950,NBA,St. Louis Bombers,FALSE,STB,
1714,1950,NBA,Syracuse Nationals,TRUE,SYR,
1715,1950,NBA,Tri-Cities Blackhawks,TRUE,TRI,
1716,1950,NBA,Washington Capitols,TRUE,WSC,
1717,1950,NBA,Waterloo Hawks,FALSE,WAT,
1718,1949,BAA,Baltimore Bullets,TRUE,BLB,
1719,1949,BAA,Boston Celtics,FALSE,BOS,
1720,1949,BAA,Chicago Stags,TRUE,CHS,
1721,1949,BAA,Fort Wayne Pistons,FALSE,FTW,
1722,1949,BAA,Indianapolis Jets,FALSE,INJ,
1723,1949,BAA,League Average,FALSE,NA,
1724,1949,BAA,Minneapolis Lakers,TRUE,MNL,
1725,1949,BAA,New York Knicks,TRUE,NYK,
1726,1949,BAA,Philadelphia Warriors,TRUE,PHW,
1727,1949,BAA,Providence Steamrollers,FALSE,PRO,
1728,1949,BAA,Rochester Royals,TRUE,ROC,
1729,1949,BAA,St. Louis Bombers,TRUE,STB,
1730,1949,BAA,Washington Capitols,TRUE,WSC,
1731,1948,BAA,Baltimore Bullets,TRUE,BLB,
1732,1948,BAA,Boston Celtics,TRUE,BOS,
1733,1948,BAA,Chicago Stags,TRUE,CHS,
1734,1948,BAA,League Average,FALSE,NA,
1735,1948,BAA,New York Knicks,TRUE,NYK,
1736,1948,BAA,Philadelphia Warriors,TRUE,PHW,
1737,1948,BAA,Providence Steamrollers,FALSE,PRO,
1738,1948,BAA,St. Louis Bombers,TRUE,STB,
1739,1948,BAA,Washington Capitols,TRUE,WSC,
1740,1947,BAA,Boston Celtics,FALSE,BOS,
1741,1947,BAA,Chicago Stags,TRUE,CHS,
1742,1947,BAA,Cleveland Rebels,TRUE,CLR,
1743,1947,BAA,Detroit Falcons,FALSE,DTF,
1744,1947,BAA,League Average,FALSE,NA,
1745,1947,BAA,New York Knicks,TRUE,NYK,
1746,1947,BAA,Philadelphia Warriors,TRUE,PHW,
1747,1947,BAA,Pittsburgh Ironmen,FALSE,PIT,
1748,1947,BAA,Providence Steamrollers,FALSE,PRO,
1749,1947,BAA,St. Louis Bombers,TRUE,STB,
1750,1947,BAA,Toronto Huskies,FALSE,TRH,
1751,1947,BAA,Washington Capitols,TRUE,WSC,
